fixed acidity,chlorides,total sulfur dioxide,pH,alcohol,type
12.2,0.075,6,3.13,10.4,r
9.1,0.065,17,3.32,10.5,r
9.5,0.079,28,3.25,10,r
7.3,0.07,70,3.34,12.9,r
9.1,0.065,17,3.32,10.5,r
12.2,0.075,6,3.13,10.4,r
7.4,0.064,11,3.45,11.3,r
9.8,0.066,7,3.19,11.4,r
7.1,0.08,70,3.44,9.4,r
7.7,0.097,27,3.16,9.4,r
9.7,0.073,21,3.14,10.9,r
7.7,0.097,27,3.16,9.4,r
7.1,0.082,68,3.45,9.4,r
6.5,0.076,47,3.36,9.4,r
7.1,0.082,68,3.45,9.4,r
10,0.092,88,3.15,9.4,r
7.7,0.079,41,3.39,,r
5.6,0.087,11,3.71,12.8,r
5.6,0.087,11,3.71,12.8,r
8.9,0.05,10,3.12,9.1,r
6.4,0.055,12,3.47,12.9,r
7.5,0.062,12,3.44,11.5,r
9.9,0.058,47,3.26,10.6,r
9.1,0.063,27,3.26,11.7,r
6.8,0.067,8,3.36,12.8,r
8.2,0.081,45,3.25,10.3,r
6.8,0.067,8,,12.8,r
9.1,0.063,27,3.26,11.7,r
9.1,0.064,25,3.26,11.7,r
8.9,0.11,24,3.23,12,r
9.6,0.116,55,,10.9,r
8.9,0.067,12,3.25,12.3,r
8.9,0.088,19,3.17,10.4,r
7.7,0.102,32,3.23,10,r
7.5,0.092,31,,10,r
8,0.12,7,3.22,11.2,r
10.5,0.075,27,3.06,11.4,r
8.9,0.068,28,3.27,12.6,r
8,0.049,,2.89,12.7,r
8,0.049,109,2.89,12.7,r
7,0.078,23,3.53,10.4,r
11.3,0.123,8,3.2,11.9,r
11.3,0.123,8,3.2,11.9,r
7,0.062,9,3.35,10.5,r
8.2,0.098,9,3.27,12.3,r
7.7,0.088,18,3.32,10.5,r
8.6,0.095,43,3.33,10.4,r
7.9,0.066,36,3.41,12.6,r
6.4,0.065,52,3.49,11.6,r
7.2,0.075,68,3.37,10.1,r
7.7,0.088,18,3.32,10.5,r
7.1,0.091,14,3.42,11.5,r
7.3,0.093,15,3.35,11,r
8.1,0.095,14,3.36,9.6,r
7.5,0.089,27,3.3,10.4,r
8.9,0.077,48,3.2,9.7,r
10.1,0.085,17,3.17,10.6,r
7.6,0.082,35,3.22,12.5,r
7.3,0.074,56,3.35,9.2,r
8.7,0.078,42,3.24,12.6,r
8.9,0.088,39,3.33,11.1,r
7.4,0.088,32,3.58,10.2,r
6.9,0.079,26,3.38,9.8,r
8.9,0.088,39,3.33,11.1,r
9.5,0.069,39,3.29,10.9,r
6.4,0.046,53,3.36,12.2,r
6.9,0.07,38,3.32,11.4,r
7.6,0.076,45,3.31,10.7,r
7.1,0.082,51,3.49,10.4,r
9.3,0.081,14,3.27,10.9,r
9.3,0.084,17,3.27,10.8,r
7.1,0.082,51,3.49,10.4,r
8.5,0.414,45,3.03,9.2,r
5.6,0.073,25,3.56,12.9,r
8.3,0.07,20,3.38,12.7,r
8.2,0.095,77,3.13,9.1,r
8.2,0.095,77,3.13,9.1,r
8.9,0.101,10,3.21,12.1,r
7.6,0.104,90,3.15,9.1,r
9.9,0.093,52,3.19,11.6,r
8.9,0.101,10,3.21,12.1,r
11.6,0.074,8,3.14,9.9,r
9.1,0.071,16,3.21,12.5,r
8,0.098,15,3.3,11.4,r
10.2,0.075,17,3.22,11.8,r
8.2,0.067,10,3.28,11.8,r
7.7,0.083,20,3.29,10.2,r
6.6,0.07,26,3.4,12.5,r
11.1,0.06,10,3.02,10.9,r
11.1,0.06,10,3.02,10.9,r
8,0.086,52,3.31,10.8,r
9.3,0.057,37,3.18,11.1,r
7.5,0.098,92,3.2,9.2,r
7.2,0.083,75,3.4,9.5,r
8,0.088,37,3.31,10.7,r
7.5,0.098,92,3.2,9.2,r
9.1,0.071,67,3.44,10.2,r
9.9,0.073,8,3.15,11.4,r
8.6,0.08,8,3.27,11,r
8.6,0.08,8,3.27,11,r
7.9,0.05,278,3.01,12.3,r
10.3,0.047,8,3.16,11.8,r
7.9,0.05,289,3.01,12.3,r
7.2,0.073,70,3.42,9.5,r
8.7,0.072,59,3.33,12,r
7.2,0.073,70,3.42,9.5,r
6.8,0.074,64,3.12,9.6,r
8.5,0.055,9,3.38,11.6,r
7.9,0.057,30,3.29,11.2,r
11.6,0.095,41,3.02,9.9,r
11.6,0.095,41,3.02,9.9,r
10,0.083,74,2.98,11.8,r
7.9,0.086,19,3.35,11.4,r
7,0.081,16,3.43,11.5,r
9.2,0.079,31,3.33,12,r
6.6,0.117,17,3.35,10.8,r
9.4,0.087,20,3.15,10.5,r
6.6,0.117,17,3.35,10.8,r
8.6,0.096,18,3.2,9.4,r
8,0.216,16,3.15,12.5,r
8.6,0.096,18,3.2,9.4,r
8.4,0.072,36,3.11,12.4,r
7.4,0.071,25,3.35,12,r
6.1,0.078,30,3.45,11.2,r
7.4,0.071,25,3.35,12,r
8,0.073,25,3.28,12.4,r
6.3,0.048,49,3.41,12.8,r
8.2,0.069,17,3.21,12.3,r
9.1,0.068,24,3.27,11.7,r
8.1,0.09,13,3.36,9.5,r
10.8,0.171,66,3.17,10.8,r
8.3,0.07,14,3.25,10,r
5.4,0.092,55,3.78,12.3,r
7.9,0.056,35,3.29,11,r
8.9,0.074,10,3.12,9.5,r
5,0.046,80,3.49,13.6,r
7,0.091,21,3.38,11.3,r
7,0.091,21,3.38,11.3,r
7,0.091,21,3.38,11.3,r
7.1,0.065,24,3.3,13.3,r
5.6,0.066,15,3.52,12.9,r
7.9,0.076,17,3.2,13.1,r
6.6,0.062,28,3.44,12.3,r
6.3,0.055,33,3.45,12.3,r
10.7,0.081,29,3.12,11.2,r
6.5,0.096,13,3.62,11.5,r
8.8,0.055,27,3.14,11.3,r
5.8,0.063,11,3.39,13.5,r
6.3,0.072,52,3.51,11.5,r
10,0.095,89,3.22,10,r
10.5,0.092,70,3.21,10.5,r
9.1,0.058,10,3.18,10.4,r
5.9,0.045,135,3.32,9.5,r
7.4,0.075,38,3.38,13.6,r
7.2,0.089,18,3.37,11.2,r
8.5,0.061,15,3.3,11.8,r
8,0.067,50,3.38,11.9,r
10.4,0.08,13,3.22,11.4,r
10.4,0.08,13,3.22,11.4,r
7.5,0.104,94,3.14,9.1,r
8.2,0.079,86,3.34,9.5,r
7.3,0.08,79,3.41,9.5,r
8.2,0.08,71,3.27,11,r
6.9,0.043,12,3.3,11.4,r
7,0.065,20,3.61,10,r
7.3,0.066,70,3.43,10.1,r
8.2,0.076,51,3.53,10.4,r
7.8,0.178,21,3.28,9.8,r
10,0.071,14,3.21,11.8,r
7.8,0.086,21,3.39,11.6,r
10,0.061,11,3.23,12,r
8.2,0.067,12,3.3,12.8,r
6.1,0.044,70,3.46,12.5,r
8.3,0.118,38,3.15,9.8,r
9.6,0.083,38,3.23,11.1,r
6.6,0.1,63,3.59,11.4,r
8.3,0.118,38,3.15,9.8,r
8.5,0.071,88,3.33,11.8,r
5.1,0.042,101,3.46,12.9,r
6.7,0.076,54,3.42,10.6,r
10.2,0.11,37,3.16,10.8,r
10.6,0.087,20,3.14,11.1,r
8.8,0.076,21,3.21,10.2,r
8.5,0.075,19,3.14,11.8,r
9,0.078,21,3.29,10,r
9,0.078,21,3.29,10,r
8.5,0.369,38,3.01,9.4,r
9.9,0.111,60,2.94,10.2,r
8.2,0.074,48,3.32,12.4,r
6.5,0.067,44,3.21,12,r
7.6,0.086,14,3.32,11.5,r
9.2,0.062,12,3.2,10.5,r
7.1,0.078,44,3.42,10.8,r
9.7,0.074,16,3.27,12.3,r
7.6,0.079,65,3.46,9.5,r
7.6,0.079,65,3.46,9.5,r
6.5,0.095,59,3.61,11.5,r
6.5,0.079,47,3.58,11.2,r
7.1,0.052,11,3.35,12.7,r
5.6,0.041,78,3.68,11.4,r
8.2,0.076,47,3.27,11,r
8.2,0.076,47,3.27,11,r
9.8,0.068,11,3.19,11.4,r
10.2,0.068,54,3.38,10.5,r
6.8,0.07,61,3.29,9.3,r
6.7,0.08,119,3.36,10.9,r
7,0.085,39,3.33,11.9,r
6.6,0.079,12,3.52,12.2,r
7,0.085,39,3.33,11.9,r
6.7,0.08,119,3.36,10.9,r
8.8,0.075,19,3.3,9.6,r
9.1,0.08,20,3.28,12.5,r
6.5,0.166,12,3.56,10.8,r
7.2,0.063,41,3.52,12.4,r
6.4,0.166,12,3.56,10.8,r
7,0.114,64,3.22,9.5,r
6.2,0.078,56,3.52,9.5,r
7.9,0.076,94,3.21,9.5,r
7.7,0.069,9,3.16,9.8,r
7.7,0.052,77,3.15,10.9,r
7.9,0.076,94,3.21,9.5,r
7.7,0.069,9,3.16,9.8,r
7.9,0.065,10,3.27,11.2,r
8.6,0.068,12,3.35,11.7,r
9.9,0.111,76,3.14,9.4,r
7.2,0.074,44,3.4,11,r
7.2,0.074,44,3.4,11,r
7.2,0.074,44,3.4,11,r
9.9,0.136,52,3.35,10,r
7.2,0.074,44,3.4,11,r
6.2,0.071,24,3.45,11.2,r
6.8,0.078,15,3.35,10.4,r
6.6,0.076,53,3.32,9.3,r
6.8,0.078,15,3.35,10.4,r
9.6,0.071,13,3.15,10.5,r
10.2,0.081,9,3.1,10.4,r
8.8,0.095,29,3.26,11.3,r
7.9,0.079,79,3.29,9.5,r
8.2,0.057,74,3.23,12,r
8.2,0.082,24,3.24,10.6,r
9,0.044,50,3.2,10.9,r
10.9,0.132,44,3.28,11.5,r
10.9,0.132,44,3.28,11.5,r
8.1,0.078,89,3.26,9.6,r
10.5,0.074,23,3.23,12,r
12.6,0.08,20,3.07,10.3,r
9.2,0.091,77,3.15,9.4,r
7.5,0.08,46,3.02,9.2,r
9,0.104,21,3.27,9.6,r
5.1,0.044,88,3.68,13.6,r
7.6,0.075,66,3.4,9.5,r
7.7,0.066,58,3.37,11.8,r
7.8,0.074,90,3.38,10.8,r
7.6,0.075,66,3.4,9.5,r
10.2,0.057,36,3.23,9.3,r
7.1,0.059,18,3.39,12.8,r
6,0.054,113,3.3,11.5,r
7.8,0.07,17,3.26,9.4,r
7.1,0.059,18,3.39,12.8,r
8.1,0.081,24,3.38,9.6,r
6.5,0.057,20,3.45,11.8,r
7.5,0.076,60,3.1,9.3,r
9.8,0.079,65,3.16,9.8,r
9,0.058,40,3.22,12.2,r
8.3,0.082,86,3.37,9.5,r
5.9,0.067,160,3.33,10.3,r
7.4,0.082,34,3.49,10.5,r
7.4,0.086,48,3.12,10,r
7.4,0.082,34,3.49,10.5,r
6.9,0.081,36,3.41,11.1,r
7.1,0.079,37,3.4,10.9,r
7.1,0.079,37,3.4,10.9,r
7.5,0.077,60,3.28,9.8,r
7.1,0.123,14,3.45,9.8,r
7.9,0.096,13,3.43,9.5,r
7.8,0.079,35,3.4,10.9,r
6.1,0.069,46,3.47,11,r
7.5,0.082,60,3.1,9.2,r
7,0.085,69,3.32,11,r
6.8,0.123,33,3.44,11.3,r
6.8,0.123,33,3.44,11.3,r
8.6,0.403,56,3.02,9.3,r
6.3,0.083,24,3.59,11.2,r
9.8,0.081,66,3.15,9.8,r
8.2,0.089,26,3.37,9.6,r
8.5,0.066,51,3.38,11.8,r
7.2,0.081,36,3.38,10.3,r
7.2,0.081,36,3.38,10.3,r
10.4,0.068,19,3.1,11.4,r
6.9,0.079,51,3.47,9.5,r
5.5,0.044,87,3.5,14,r
5,0.048,60,3.7,14,r
7.3,0.049,64,3.38,11.7,r
5.9,0.077,44,3.5,11.2,r
7.5,0.073,44,3.1,9.3,r
7.8,0.102,36,3.24,11.2,r
8,0.075,81,3.24,9.5,r
8.5,0.05,10,3.28,12,r
7,0.114,10,3.35,9.7,r
8,0.075,81,3.24,9.5,r
9.8,0.062,9,3.14,11.5,r
7.1,0.077,54,3.37,10.4,r
7.1,0.077,54,3.37,10.4,r
7.9,0.084,22,3.33,10.9,r
8.7,0.096,69,3.26,10.2,r
7,0.071,36,3.39,10.9,r
11.3,0.09,47,3.15,10.5,r
7.1,0.068,31,3.35,12.4,r
8,0.056,7,3.22,13,r
7,0.068,110,3.3,10.2,r
7,0.068,110,3.3,10.2,r
7.6,0.1,12,3.36,11,r
8.2,0.073,60,3.29,10.9,r
5.9,0.056,28,3.62,12.4,r
7.5,0.084,12,3.34,9.7,r
8.2,0.073,60,3.29,10.9,r
6.6,0.093,77.5,3.2,9.5,r
6.6,0.093,77.5,3.2,9.5,r
7.2,0.064,29,3.35,12.1,r
5.7,0.063,18,3.45,12.2,r
7.6,0.137,9,3.5,10.9,r
5.2,0.08,28,3.78,12.5,r
6.7,0.1,57,3.6,11.7,r
9.1,0.064,15,3.3,11.2,r
8,0.081,68,3.36,11.2,r
7.6,0.087,68,3.12,9.2,r
7.5,0.073,88,3.3,9.8,r
9.7,0.088,91,3.29,10.1,r
6.8,0.068,29,3.41,11.1,r
9.7,0.088,91,3.29,10.1,r
7,0.071,63,3.28,9.2,r
7.5,0.073,88,3.3,9.8,r
6.5,0.064,27,3.33,12.8,r
8,0.083,41,3.34,10.5,r
7,0.086,65,3.4,10.1,r
7,0.086,69,3.4,10.1,r
7.5,0.083,91,3.26,9.8,r
5.4,0.041,46,4.01,12.5,r
9.9,0.091,41,3.18,11.9,r
7.5,0.083,91,3.26,9.8,r
9.1,0.414,64,2.9,9.1,r
9.7,0.094,88,3.26,10.1,r
5,0.041,46,4.01,12.5,r
9.1,0.058,18,3.18,11.4,r
9.1,0.06,55,3.18,11,r
6.7,0.077,34,3.39,10.6,r
6.7,0.077,34,3.39,10.6,r
6.7,0.077,34,3.39,10.6,r
6.7,0.077,34,3.39,10.6,r
6.5,0.073,38,3.34,9.3,r
7.4,0.083,91,3.29,9.8,r
7.4,0.083,91,3.29,9.8,r
7.8,0.107,67,3.26,9.2,r
8.4,0.075,25,3.09,9.7,r
9.1,0.079,48,3.18,9.6,r
7.2,0.166,11,3.39,10,r
6.6,0.069,40,3.38,12.6,r
6,0.057,26,3.36,9.5,r
6,0.057,26,3.36,9.5,r
6,0.057,26,3.36,9.5,r
7.5,0.084,31,3.36,10.5,r
7.5,0.084,31,3.36,10.5,r
7.5,0.084,31,3.36,10.5,r
7.6,0.085,31,3.37,10.4,r
7.5,0.084,31,3.36,10.5,r
11.5,0.077,20,3.09,11,r
8.2,0.063,28,3.25,10.2,r
6.1,0.056,13,3.52,11.4,r
7.2,0.078,12,3.34,9.5,r
7.2,0.078,12,3.34,9.5,r
6.9,0.081,41,3.41,10.8,r
9,0.069,73,3.34,10,r
7.2,0.065,46,3.32,11.8,r
7.6,0.086,57,3.37,10.3,r
7.6,0.086,57,3.37,10.3,r
7.2,0.077,28,3.35,10,r
6.1,0.086,32,3.36,10.1,r
6.1,0.084,28,3.36,10.1,r
7.3,0.078,67,3.6,11.1,r
7.4,0.168,98,3.28,9.5,r
11.6,0.091,28,3.07,10.03333333,r
9.2,0.112,38,3.24,10.9,r
8.3,0.093,54,3.36,10.1,r
11.6,0.091,28,3.07,10.03333333,r
8,0.08,63,3.29,9.8,r
7.2,0.096,31,3.46,11.8,r
7.8,0.115,42,3.18,9.5,r
7.3,0.094,45,3.24,9.8,r
6.9,0.088,105,3.25,10.5,r
8,0.079,74,3.27,9.8,r
6.6,0.069,8,3.33,10.4,r
8.7,0.415,66,3,9.2,r
7.5,0.153,14,3.21,11.6,r
8.7,0.415,66,3,9.2,r
7.7,0.11,89,3.24,9.3,r
6.8,0.267,29,3.32,9.8,r
7.2,0.083,100,3.26,9.9,r
8.2,0.086,31,3.11,10,r
5.2,0.09,74,3.71,12.2,r
7.2,0.078,28,3.29,9.9,r
7.5,0.077,35,3.36,10.8,r
7.5,0.077,35,3.36,10.8,r
6.8,0.074,25,3.38,9.6,r
8,0.08,105,3.3,9.9,r
8,0.08,105,3.3,9.9,r
7.1,0.107,84,3.19,9.5,r
8,0.076,85,3.19,9.2,r
7.4,0.1,23,3.3,9.6,r
7.4,0.1,23,3.3,9.6,r
6.6,0.083,49,3.35,10.3,r
6.7,0.08,111,3.1,9.7,r
6,0.068,33,3.58,12.5,r
8,0.094,33,3.37,11,r
7.1,0.07,12,3.17,9.8,r
8,0.078,59,3.3,10.2,r
6.4,0.07,73,3.32,9.2,r
8.6,0.092,12,3.31,9.55,r
8.7,0.09,11,3.31,9.55,r
7.3,0.08,104,3.28,9.9,r
7,0.083,28,3.52,10.2,r
7.2,0.068,24,3.42,11.1,r
7.9,0.08,141,3.25,9.9,r
7.9,0.08,141,3.25,9.9,r
7.6,0.052,24,3.44,11.9,r
7.2,0.061,13,3.23,10,r
8,0.082,46,3.43,10.7,r
7.7,0.062,34,3.28,11.3,r
8.2,0.062,22,3.22,10.9,r
6,0.064,54,3.54,10.7,r
8.1,0.048,53,3.27,12.4,r
6,0.064,54,3.54,10.7,r
6.6,0.082,16,3.5,11.9,r
6.4,0.071,19,3.56,10.6,r
8.2,0.062,22,3.22,10.9,r
9.9,0.104,89,3.04,10.1,r
10,0.077,15,3.2,9.6,r
6.2,0.065,18,3.56,9.4,r
10,0.077,15,3.2,9.6,r
7.3,0.064,37,3.35,12.1,r
7.8,0.077,19,3.16,9.8,r
7.7,0.077,133,3.27,9.9,r
7.8,0.077,19,3.16,9.8,r
7.5,0.079,58,3.34,9.4,r
7,0.079,55,3.39,11.4,r
6.4,0.123,31,3.5,11,r
8.3,0.076,23,3.26,9.6,r
8.3,0.076,23,3.26,9.6,r
7.7,0.046,60,3.41,12.1,r
7.6,0.078,23,3.3,11.2,r
7.8,0.072,55,3.31,11,r
7.9,0.049,67,3.33,11.3,r
7.4,0.066,47,3.37,10.4,r
7.6,0.069,74,3.26,9.9,r
5.9,0.042,11,3.48,11.7,r
6.1,0.069,25,3.42,10.1,r
10.2,0.214,95,3.18,9,r
10.2,0.214,95,3.18,9,r
10,0.169,90,3.15,8.5,r
6.8,0.07,39,3.53,11.1,r
7,0.052,8,3.41,10.3,r
7.3,0.072,92,3.32,11.06666667,r
7.2,0.062,28,3.23,11.3,r
7.4,0.094,98,3.16,9.566666667,r
6.9,0.078,30,3.4,9.8,r
6.9,0.058,22,3.38,11.7,r
7.3,0.072,92,3.32,11.1,r
7.4,0.094,98,3.16,9.6,r
6.9,0.078,30,3.4,9.8,r
6.8,0.08,39,3.4,9.7,r
6.9,0.08,54,3.4,9.7,r
7.2,0.056,29,3.23,11.3,r
7.2,0.062,28,3.23,11.3,r
7.8,0.104,17,3.33,11,r
6.6,0.062,53,3.35,11.6,r
7.6,0.074,85,3.41,9,r
11.7,0.073,23,3.21,10.9,r
6.5,0.052,17,3.5,10.9,r
6,0.05,89,3.3,10.55,r
7.6,0.074,85,3.41,9,r
8.4,0.067,20,3.39,10.5,r
7.9,0.054,15,3.32,11.9,r
6.4,0.054,64,3.41,10.4,r
6.2,0.06,13,3.59,10,r
6.8,0.075,31,3.36,10.4,r
6.9,0.076,39,3.34,10.8,r
6.8,0.063,53,3.41,9.7,r
6.8,0.063,53,3.41,9.7,r
7.3,0.062,54,3.3,10,r
6.7,0.067,32,3.52,11,r
7.3,0.062,54,3.3,10,r
7.3,0.061,49,3.31,9.7,r
10,0.084,24,2.88,9.7,r
6.7,0.067,16,3.43,12.6,r
7.6,0.073,44,3.38,11.1,r
6.1,0.071,45,3.38,11,r
9.9,0.205,82,3.16,8.8,r
5.3,0.048,89,3.54,13.56666667,r
9.9,0.205,82,3.16,8.8,r
5.3,0.048,89,3.54,13.6,r
7.1,0.082,14,3.4,10.2,r
8.2,0.104,22,3.39,10.6,r
5.6,0.08,13,3.66,10.1,r
8.2,0.104,22,3.39,10.6,r
7.2,0.114,9,3.33,10.3,r
8.1,0.042,12,3.35,10.7,r
6.8,0.06,11,3.53,10.9,r
7,0.074,25,3.37,9.7,r
6.8,0.07,23,3.38,10.3,r
6,0.066,17,3.52,10.6,r
5.6,0.049,13,3.72,11.4,r
6.2,0.048,11,3.44,10.8,r
7.1,0.039,18,3.39,12.4,r
5.6,0.049,13,3.72,11.4,r
6.2,0.05,18,3.57,11.95,r
7.7,0.089,147,3.26,9.7,r
6.4,0.066,28,3.42,10,r
7,0.08,28,3.35,10.6,r
7.7,0.089,147,3.26,9.7,r
6.9,0.054,16,3.45,11.5,r
6.6,0.068,13,3.53,10.8,r
6.9,0.054,16,3.45,11.5,r
7.5,0.076,15,3.26,9.6,r
7.8,0.083,64,3.16,9.4,r
7.3,0.078,60,3.31,9.8,r
6.2,0.077,14,3.51,11,r
7.5,0.106,12,3.36,11.4,r
6.7,0.078,12,3.55,9.95,r
6.8,0.07,14,3.51,10.8,r
7.5,0.106,12,3.36,11.4,r
7.1,0.074,25,3.38,10.6,r
7.9,0.062,20,3.28,11.1,r
6.4,0.047,48,3.47,9.7,r
7.1,0.068,27,3.44,9.8,r
6.4,0.061,17,3.53,10.4,r
6.4,0.078,65,3.33,10.5,r
6.9,0.074,65,3.53,9.233333333,r
6.9,0.074,65,3.53,9.25,r
6.1,0.071,58,3.42,10.6,r
6.5,0.063,44,3.38,10.3,r
7.4,0.114,20,3.32,10.5,r
6.6,0.106,27,3.44,10.2,r
6.5,0.063,44,3.38,10.3,r
6.9,0.082,23,3.39,9.05,r
6.1,0.071,58,3.42,10.6,r
6.8,0.076,61,3.34,10.4,r
6,0.075,47,3.39,10,r
6.7,0.064,34,3.33,9.7,r
6.8,0.064,38,3.3,9.6,r
7.1,0.071,24,3.29,10.8,r
7.9,0.096,59,3.31,10.1,r
7.1,0.063,52,3.42,10.2,r
6.6,0.063,18,3.42,11.3,r
6.1,0.081,28,3.6,10.2,r
7.2,0.058,22,3.21,9.9,r
8,0.074,84,3.39,9,r
6.6,0.064,29,3.42,11.7,r
7,0.075,35,3.36,9.7,r
6.1,0.077,45,3.6,10.3,r
5.4,0.059,31,3.5,10.2,r
6.2,0.081,26,3.57,12,r
7.2,0.065,60,3.46,9.9,r
6.2,0.071,32,3.56,11.6,r
7.4,0.054,49,3.4,10.9,r
6.7,0.064,38,3.3,10.75,r
11.1,0.064,19,3.25,10.4,r
8.4,0.063,19,3.17,11.2,r
6.5,0.059,28,3.36,10.1,r
7,0.072,26,3.36,10.2,r
6.3,0.048,26,3.55,12.1,r
11.2,0.099,50,3.1,10.4,r
7.4,0.074,24,3.24,11.4,r
7.1,0.087,26,3.45,9.5,r
7.1,0.083,27,3.44,9.4,r
6.3,0.103,54,3.51,11.3,r
7.3,0.08,28,3.41,9.4,r
6.6,0.062,23,3.54,11,r
7,0.065,24,3.44,10.55,r
6.6,0.066,20,3.53,9.9,r
6.6,0.062,23,3.54,11,r
6.9,0.235,115,3.22,9.5,r
7.8,0.08,131,3.21,9.9,r
7.8,0.08,131,3.21,9.9,r
7.8,0.08,131,3.21,9.9,r
7.2,0.076,20,3.29,10.1,r
7.2,0.076,20,3.29,10.1,r
7.2,0.076,20,3.29,10.1,r
6.7,0.061,42,3.39,10.9,r
6.7,0.059,52,3.34,11.2,r
7.2,0.076,20,3.29,10.1,r
7,0.077,42,3.34,9.2,r
6.2,0.056,34,3.48,11.5,r
6.4,0.23,35,3.37,12.4,r
6.4,0.038,25,3.44,11.1,r
7.3,0.069,104,3.33,9.5,r
6,0.075,50,3.58,12.5,r
5.6,0.074,92,3.39,10.5,r
7.5,0.06,20,3.26,11.8,r
8,0.081,29,3.3,10.8,r
6.2,0.076,27,3.54,11.9,r
6.8,0.118,20,3.42,11.3,r
6.2,0.053,32,3.54,11.3,r
7.4,0.068,26,3.36,11.9,r
6.2,0.053,32,3.54,11.3,r
6.1,0.053,27,3.57,11.9,r
6.2,0.074,98,3.33,9.8,r
6.7,0.061,34,3.29,11.6,r
7.2,0.066,48,3.3,11.5,r
7.5,0.065,60,3.34,11.4,r
5.8,0.066,28,3.55,10.9,r
7.2,0.068,102,3.27,12.8,r
6.6,0.073,79,3.29,9.2,r
6.3,0.077,35,3.32,11.6,r
5.4,0.089,26,3.67,11.6,r
6.3,0.076,40,3.42,11,r
6.8,0.068,38,3.42,9.5,r
6.2,0.09,44,3.45,10.5,r
5.9,0.062,51,3.52,11.2,r
6.3,0.076,40,3.42,11,r
5.9,0.075,44,3.57,10.2,r
6,0.067,42,3.39,11,r
7,0.045,170,3,8.8,w
6.3,0.049,132,3.3,9.5,w
8.1,0.05,97,3.26,10.1,w
7.2,0.058,186,3.19,9.9,w
7.2,0.058,186,3.19,9.9,w
8.1,0.05,97,3.26,10.1,w
6.2,0.045,136,3.18,9.6,w
7,0.045,170,3,8.8,w
6.3,0.049,132,3.3,9.5,w
8.1,0.044,129,3.22,11,w
8.1,0.033,63,2.99,12,w
8.6,0.035,109,3.14,9.7,w
7.9,0.04,75,3.18,10.8,w
6.6,0.044,143,3.54,12.4,w
8.3,0.04,172,2.98,9.7,w
6.6,0.032,112,3.25,11.4,w
6.3,0.046,99,3.24,9.6,w
6.2,0.029,75,3.33,12.8,w
7.4,0.033,171,3.12,11.3,w
6.5,0.044,133,3.22,9.5,w
6.2,0.029,75,3.33,12.8,w
6.4,0.038,102,3.17,11,w
6.8,0.049,122,3.47,10.5,w
7.6,0.074,168,3.05,9.3,w
6.6,0.052,142,3.42,10,w
7,0.046,245,3.25,10.4,w
6.9,0.052,146,3.45,10,w
7,0.051,141,3.38,10.5,w
7.4,0.047,132,3.19,11.6,w
7.2,0.033,114,3.1,12.3,w
8.5,0.044,142,3.2,10,w
8.3,0.042,47,3.47,10.2,w
7.4,0.05,100,3.19,10.8,w
6.2,0.045,117,3.42,9,w
5.8,0.044,179,3.37,10.2,w
7.3,0.08,123,3.19,12.8,w
6.5,0.051,149,3.24,10,w
7,0.053,138,3.13,11.2,w
7.3,0.057,149,3.21,8.6,w
7.3,0.057,149,3.21,8.6,w
6.7,0.172,158,3.11,9.4,w
6.7,0.173,157,3.1,9.4,w
7,0.069,160,3.13,9.8,w
6.6,0.057,152,3.22,9.5,w
6.7,0.06,154,3.24,9.5,w
7.4,0.058,167,3.16,10,w
6.2,0.063,206,3.27,9.8,w
6.2,0.066,207,3.25,9.8,w
7,0.069,160,3.13,9.8,w
6.9,0.067,150,3.36,9.8,w
7.2,0.062,173,3.35,11.7,w
6.6,0.068,124,3.34,11,w
6.2,0.057,82,3.32,10.9,w
6.4,0.045,108,3.31,10.9,w
6.8,0.147,132,3.05,9.1,w
6.9,0.039,191,3.13,11,w
7.2,0.043,213,3.09,9.6,w
6,0.048,147,3.3,8.9,w
6.6,0.044,78,3.11,10.2,w
7.4,0.038,111,3.36,9.9,w
6.8,0.092,123,3.03,8.6,w
6,0.048,147,3.3,8.9,w
7,0.035,151,3.02,10.5,w
6.6,0.044,78,3.11,10.2,w
7.2,0.038,122,3.15,10.3,w
6.2,0.064,120,3.22,9.1,w
6.4,0.04,124,3.22,12.6,w
6.7,0.041,174,3.14,9.8,w
6.7,0.046,96,3.33,10.7,w
7.4,0.05,105,3.13,9.5,w
6.2,0.056,244,3.1,9,w
6.8,0.061,238.5,3.32,9.5,w
6,0.063,201,3.69,10,w
8.6,0.054,72,2.95,9.1,w
6.7,0.046,96,3.33,10.7,w
7.4,0.05,105,3.13,9.5,w
7.1,0.043,87,3.26,12.7,w
7,0.042,69,3.31,12,w
7.4,0.064,103,2.94,9.3,w
6.7,0.06,105,3.27,9,w
6.8,0.053,114,3.39,10.6,w
7.1,0.05,166,3.21,9.2,w
7.1,0.063,164,3.17,10,w
7.3,0.047,207,3.33,9.5,w
7.1,0.045,155,3.11,8.7,w
7.1,0.044,152,3.12,8.7,w
7.2,0.044,156,3.09,8.7,w
6.8,0.05,202,3.22,9.7,w
7.1,0.045,155,3.11,8.7,w
7.1,0.044,152,3.12,8.7,w
7.2,0.044,156,3.09,8.7,w
6.1,0.049,243,3.12,9,w
6.9,0.035,136,3.26,12.6,w
6.9,0.034,136,3.25,12.6,w
7.5,0.04,148,3.21,11.5,w
7.1,0.044,240,3.04,9.2,w
6,0.046,164,3.14,8.8,w
8.6,0.034,80,2.95,11.4,w
9.8,0.038,83,2.89,10.1,w
6,0.046,164,3.14,8.8,w
7.4,0.06,192,3,9.1,w
7.1,0.054,162,3.4,9.4,w
6,0.05,164,3.34,9.4,w
7.5,0.059,170,2.99,9,w
7.4,0.06,192,3,9.1,w
7.3,0.051,109,3.2,9.2,w
7.1,0.054,162,3.4,9.4,w
7.1,0.04,171,3.16,9.1,w
7.1,0.04,171,3.16,9.1,w
6.9,0.051,187,3.27,10.3,w
6.5,0.082,163,2.89,8.8,w
7.2,0.052,255,3.04,8.9,w
7.2,0.056,195,3.01,9.2,w
6.7,0.049,150,3.22,9.1,w
6.7,0.049,150,3.22,9.1,w
5.5,0.065,103,3.63,9.7,w
6,0.041,143,3.31,11.3,w
7,0.035,85,3.19,11.8,w
7.2,0.056,195,3.01,9.2,w
7.3,0.06,196,3.04,9.2,w
5.9,0.046,87,3.22,10.2,w
7.8,0.054,138,3.01,8.8,w
7.4,0.059,131,3.29,9.7,w
6.9,0.058,146,3.29,9.1,w
6.4,0.092,158,3.21,9.8,w
6.7,0.026,143,3.27,11,w
7.4,0.033,126,3.14,10.5,w
6.5,0.038,203,3.45,9.7,w
6.1,0.044,179,3.3,10.9,w
6.1,0.046,184,3.31,10.9,w
5.7,0.02,57,3.39,10.6,w
6.5,0.038,203,3.45,9.7,w
6.5,0.038,241,3.23,9,w
6.6,0.035,188,3.24,9.2,w
6.8,0.034,203,3.19,8.9,w
6.7,0.036,179,3.26,9.6,w
8.2,0.027,121,3.12,10.7,w
7.1,0.045,155,3.16,8.7,w
6.8,0.035,96,3.15,10.8,w
8.1,0.029,79,3.23,11.8,w
6.3,0.045,77,3.3,10.2,w
7.1,0.045,155,3.16,8.7,w
7.9,0.039,107,3.21,10.8,w
8.5,0.036,99,3.18,9.7,w
8.1,0.037,87,3.12,11.2,w
6.3,0.04,114,3,10.9,w
5.6,0.044,168,3.28,10.1,w
6.4,0.058,97,3.38,9,w
6.3,0.034,80,3.38,12,w
6.9,0.054,116,2.99,9.4,w
7.9,0.043,152,3.12,11.5,w
7.6,0.055,135,3.14,9.9,w
6.9,0.054,116,2.99,9.4,w
7.2,0.048,97,3.14,10.4,w
8.2,0.049,76,3.06,9.7,w
7.4,0.066,198,2.89,8.9,w
7.4,0.066,198,2.89,8.9,w
6.1,0.036,124,3.29,12.4,w
5.2,0.036,119,3.36,12.1,w
5.2,0.036,119,3.36,12.1,w
6.1,0.036,124,3.29,12.4,w
6.4,0.055,159,2.98,9.1,w
6.3,0.049,85,3.28,10.6,w
7.4,0.066,198,2.89,8.9,w
6.7,0.05,205,3.15,9.5,w
7,0.051,177,3.16,9.8,w
8.4,0.048,197,3.14,9.6,w
6.7,0.034,98,3.08,12.6,w
7.5,0.055,151,3.08,9.3,w
9.8,0.034,110,2.87,10,w
7.1,0.066,133,3.12,12.7,w
7.9,0.045,96,3.13,11,w
7.6,0.037,100,3.03,11.4,w
6.3,0.038,130,3.35,11.5,w
7.5,0.051,173,3.09,10.2,w
6.9,0.04,151,3.11,11.4,w
7.2,0.044,65,3.03,12.6,w
5.9,0.054,170,3.28,9.4,w
6,0.06,108,3.11,8.7,w
6.4,0.049,176,3.19,9.2,w
6.4,0.048,173,3.19,9.3,w
7.1,0.053,183,3.09,9.2,w
6.8,0.048,167,2.93,8.7,w
6.9,0.05,227,3.18,9.6,w
6.8,0.043,226,3.02,9.3,w
6.8,0.043,230,3.02,9.3,w
6.7,0.04,166,3.12,9.9,w
5.9,0.038,119,3.15,11,w
6.8,0.034,109,3.26,12.7,w
6.5,0.047,210,3.09,8.9,w
6.6,0.052,211,3.09,8.9,w
6.8,0.048,167,2.93,8.7,w
6.8,0.045,123,3.02,11.4,w
6.6,0.055,125,3.36,9.6,w
6.4,0.2,181,3.02,9.1,w
6.4,0.197,180,3.02,9.1,w
6.4,0.197,183,3.01,9.1,w
6.8,0.052,214,3.13,8.9,w
7.1,0.05,204,3.1,8.8,w
6.8,0.052,214,3.13,8.9,w
6.8,0.049,196,3.15,9.3,w
7.1,0.05,204,3.1,8.8,w
6.9,0.05,236,3.2,9.6,w
6.8,0.034,134,3.33,12,w
5.8,0.053,114,3.28,10.2,w
6.4,0.042,153,3.15,8.8,w
7,0.045,126,3.21,9.2,w
10.2,0.049,124,2.99,9.9,w
6.8,0.04,77,3.32,10.2,w
6.1,0.048,170,3.22,9.5,w
5.6,0.032,68,3.31,10.5,w
6.8,0.038,111,3.32,11.2,w
7,0.045,126,3.21,9.2,w
6.7,0.051,122,3.44,9.7,w
6.2,0.03,105,3.3,11.1,w
5.8,0.044,152,3.31,9.4,w
7.5,0.036,164,3.03,11,w
5.8,0.044,152,3.31,9.4,w
5.7,0.044,167,3.31,9.4,w
7.5,0.036,161,3.04,11,w
7.5,0.036,164,3.03,11,w
7.2,0.07,172,3,9.1,w
6.2,0.03,105,3.3,11.1,w
6.5,0.043,144,3.42,9.1,w
6.3,0.046,140,3.39,10.4,w
7.1,0.046,145,3.32,8.7,w
6.4,0.048,200,3.5,9.7,w
7.1,0.041,272,3.17,9.1,w
6.4,0.048,200,3.5,9.7,w
7.1,0.046,145,3.32,8.7,w
6.8,0.062,142,3.37,8.9,w
8.3,0.041,194,3.34,9.6,w
8.2,0.039,208,3.31,9.5,w
7.2,0.058,194,3.09,9,w
7.2,0.058,194,3.09,9,w
7.2,0.058,194,3.09,9,w
7.2,0.058,194,3.09,9,w
6.8,0.044,221,3.27,9.6,w
7,0.037,120,3.34,11.1,w
6.2,0.039,159,3.48,9.6,w
7.3,0.05,197,3.2,8.7,w
7.7,0.031,90,3.13,10.4,w
7.1,0.026,100,3.15,11.4,w
6.8,0.047,218.5,3.3,9.7,w
6.9,0.043,142,3.14,8.7,w
6.1,0.038,249.5,3.37,11.3,w
6.8,0.03,139,3.16,12.6,w
5.8,0.031,77,3.25,10.9,w
5.6,0.03,76,3.25,10.9,w
6.1,0.037,119,3.38,10,w
5.9,0.053,199,3.72,10,w
8.5,0.074,197,3.02,9.8,w
6.9,0.043,142,3.14,8.7,w
5.8,0.029,109,3.53,11.7,w
5.8,0.054,158,3.21,9.3,w
6.7,0.04,147,3.32,9.6,w
6.3,0.035,97,3.27,11,w
6.3,0.035,97,3.27,11,w
6.4,0.032,118,3.32,11.8,w
5.8,0.037,75,3.28,11.4,w
6.9,0.048,108,3.32,10.2,w
6.9,0.043,156,2.93,8.9,w
6.9,0.036,95,3.17,10.2,w
7.2,0.045,231,3.08,9.6,w
6.2,0.038,167,3.1,10.6,w
6.9,0.043,156,2.93,8.9,w
6.9,0.053,180,3.25,9.2,w
5.3,0.043,149,3.34,9.7,w
5.3,0.044,145,3.34,9.7,w
5.4,0.045,147,3.34,9.7,w
6.9,0.053,180,3.25,9.2,w
5.2,0.044,147,3.33,9.7,w
5.8,0.051,148,3.29,9.3,w
6.6,0.057,123,3.24,9,w
7,0.046,234,3.05,9.5,w
6.6,0.046,169,3.14,9.8,w
6.7,0.044,166,3.14,9.8,w
7.7,0.042,60,2.89,10.6,w
6.8,0.044,67,3.05,10.6,w
7,0.036,105,3.26,12.4,w
7,0.034,112,3.19,12.6,w
6.1,0.039,114,3.3,12.3,w
6.8,0.047,201,3.08,10.5,w
6.7,0.054,196,3.19,9.3,w
7.1,0.055,198,3.12,8.8,w
7.3,0.056,180,3.08,8.8,w
6.5,0.053,190,3.22,9.7,w
7.2,0.058,192,2.98,9,w
7.2,0.058,192,2.98,9,w
7.2,0.058,192,2.98,9,w
7.2,0.058,192,2.98,9,w
5.9,0.041,155,3.52,10.5,w
7.4,0.066,195,2.96,9.1,w
6.2,0.041,157,3.44,9.8,w
9.1,0.066,182,3.23,8.5,w
6.3,0.046,175,3.37,9.4,w
8.3,0.045,169,3.09,9.4,w
7.2,0.041,187,3.19,11.2,w
7.5,0.046,146,3.17,10,w
6.7,0.043,122,3.15,10.3,w
6.1,0.063,87,3.27,10.8,w
8.3,0.05,74,3.13,10.5,w
6.1,0.063,87,3.27,10.8,w
6,0.055,168,3.32,11.1,w
7.3,0.057,163,3.2,9.9,w
7.3,0.057,163,3.2,9.9,w
7.2,0.058,163,3.2,9.9,w
7.3,0.058,166,3.2,9.9,w
6.2,0.036,134,3.2,10.4,w
6.2,0.037,148,3.21,10.4,w
6.1,0.035,100,3.4,11.5,w
5,0.032,164,3.53,12.5,w
7.8,0.042,149,3.36,10,w
5.7,0.038,166,3.29,10,w
5.8,0.04,167,3.29,10,w
6.8,0.132,127,3.09,9.1,w
6.8,0.031,134,3.21,10.6,w
6.6,0.031,135,3.19,10.5,w
5.9,0.03,133,3.52,11.5,w
6.1,0.04,69,3.54,10.1,w
6,0.041,65,3.61,10.3,w
6.6,0.031,135,3.19,10.5,w
6.8,0.031,134,3.21,10.6,w
6.8,0.031,137,3.16,10.4,w
8.3,0.046,207,3.02,11.4,w
7.5,0.057,313,3.18,10.5,w
7.9,0.04,216,2.96,10,w
6.4,0.039,143,3.19,10,w
6.5,0.042,195,3.23,9.6,w
7.2,0.036,85,3.17,10.4,w
6.4,0.03,101,3.36,12.5,w
6.8,0.032,135,3.2,10.6,w
6.3,0.033,91,3.28,11.8,w
6.5,0.038,133,3.11,9.8,w
5.6,0.031,80,3.25,10.8,w
6.3,0.033,91,3.28,11.8,w
6.3,0.036,105,3.32,11.2,w
5.8,0.045,170,3.28,9.3,w
5.9,0.047,139,3.45,10.4,w
6.6,0.049,141,3.43,10.2,w
7.4,0.045,153,3.19,9,w
8,0.047,129,3.2,10,w
6.4,0.044,140,3.18,9.1,w
5.4,0.053,144,3.29,10,w
5.4,0.052,145,3.29,10,w
7.1,0.05,131,3.28,9.6,w
5.6,0.031,68,3.36,11.2,w
6.7,0.056,155,3.2,8.8,w
7.8,0.052,118,3.15,10,w
7.6,0.054,137,3.15,10,w
6.3,0.044,146,3.27,11.4,w
7.3,0.038,138,3.03,11.9,w
5.5,0.071,128,3.14,9.6,w
7.3,0.038,138,3.03,11.9,w
5.8,0.047,245,3.25,9.6,w
7.3,0.063,191,2.89,9,w
7.3,0.063,191,2.89,9,w
6.1,0.05,169,3.15,9.5,w
10,0.05,152,3,10.4,w
6.9,0.04,161,3.2,10.6,w
6.4,0.047,162,3.28,10.2,w
7.1,0.055,84,3.15,8.9,w
6.8,0.05,127,3.4,9.7,w
7.3,0.063,191,2.89,9,w
6.8,0.037,102,3.49,11.4,w
6,0.028,113,3.4,12.3,w
6,0.089,143,3.49,10.8,w
6.9,0.053,148,3.12,9.4,w
7.7,0.049,178,3.17,10.6,w
7.1,0.044,72,3.17,11.6,w
6.9,0.053,148,3.12,9.4,w
7.7,0.049,178,3.17,10.6,w
6.6,0.048,204,3.34,10,w
7.2,0.048,149,3.1,9.2,w
5.1,0.027,89,3.51,12.5,w
5.1,0.027,89,3.51,12.5,w
6.4,0.037,119,3.32,10.4,w
7.3,0.045,98,3.15,10,w
5.7,0.049,155,3.22,10,w
6.4,0.037,119,3.32,10.4,w
7.3,0.045,98,3.15,10,w
7.2,0.046,179,3.1,9,w
7.5,0.051,157,3.12,9.2,w
7.2,0.048,149,3.1,9.2,w
6,0.027,125,3.38,11.3,w
5.1,0.027,89,3.51,12.5,w
5,0.026,115,3.48,10.8,w
6.3,0.04,260,3.12,10.1,w
6.7,0.047,140,3.39,9.7,w
7,0.032,181,3.18,9.3,w
7,0.032,181,3.18,9.3,w
6.5,0.031,66,3.1,10.6,w
6.1,0.031,125,3.36,10.2,w
7.3,0.021,69,3.08,12.2,w
6.8,0.044,163,3.19,8.8,w
6.8,0.04,168,3.18,10,w
8.2,0.031,93,3.09,11.4,w
6.3,0.037,107,3.46,11.4,w
5.9,0.048,168,3.35,9.4,w
6.4,0.032,83,3.3,11.7,w
6.3,0.037,107,3.46,11.4,w
6.8,0.044,163,3.19,8.8,w
6.1,0.069,108,3.23,9.2,w
7.1,0.046,252,3.07,8.7,w
6.8,0.035,170,3.24,12.6,w
6.8,0.04,168,3.18,10,w
5.8,0.031,99,3.39,12.8,w
6.9,0.049,125,3.17,9.4,w
6.3,0.044,116,3.26,10.3,w
8.2,0.031,93,3.09,11.4,w
7.2,0.038,155,2.97,9,w
7.3,0.04,140,3.3,9.6,w
7.2,0.036,85,3.16,10.5,w
7.2,0.036,85,3.16,10.5,w
7.2,0.038,155,2.97,9,w
7.3,0.04,140,3.3,9.6,w
7.4,0.041,99,3.19,9.8,w
6.8,0.047,210,3.1,9,w
7.4,0.041,99,3.19,9.8,w
7.4,0.05,137,3.31,10.5,w
7,0.03,136,3.16,12.7,w
7,0.045,222,3.25,10.4,w
7,0.045,221,3.25,10.4,w
7,0.045,221,3.25,10.4,w
6.9,0.047,162,3.34,10.5,w
7,0.045,222,3.25,10.4,w
7,0.045,221,3.25,10.4,w
6.8,0.053,194,3.09,9.4,w
7.8,0.051,89,3.06,9.1,w
7.1,0.056,197,3.1,9.3,w
6.8,0.053,194,3.09,9.4,w
6.4,0.048,84,3.21,9.8,w
7.4,0.045,214,3.18,9.9,w
7.2,0.108,151,3.07,9.2,w
7,0.028,104,3.35,12.1,w
6.9,0.027,97,3.38,12.2,w
6.1,0.042,218.5,3.27,9.8,w
6.6,0.035,186,3.35,12.4,w
7.4,0.045,214,3.18,9.9,w
6.2,0.06,108,3.26,9.2,w
6.7,0.028,102,3.29,11.6,w
6.1,0.033,137,3.3,10.4,w
6,0.026,126,3.43,12.9,w
6.6,0.048,245,3.26,9.3,w
6.9,0.031,139,3.2,11,w
7.1,0.038,66,3.24,11.5,w
5.8,0.054,156,3.53,12.4,w
6.5,0.048,113,3.44,9.8,w
6.5,0.048,113,3.44,9.8,w
6.4,0.052,127,3.48,10.5,w
7.2,0.07,174,3.03,9.1,w
6.1,0.038,128,3.24,10.1,w
5.9,0.042,160,3.46,10.6,w
6,0.046,113,3.41,10.5,w
6.4,0.052,127,3.48,10.5,w
6.4,0.048,113,3.44,9.8,w
6.3,0.022,82,3.3,12.9,w
7.1,0.056,111,2.95,9.5,w
6,0.053,218.5,3.29,9.8,w
6.1,0.059,249,3.37,8.5,w
7.1,0.056,111,2.95,9.5,w
7,0.047,171,3.22,9.3,w
5.9,0.047,162,3.35,9.5,w
6.8,0.044,68,3.17,9.4,w
7.2,0.047,178,3.16,8.7,w
6.3,0.081,126,2.95,8.9,w
7,0.039,141,3.22,9.4,w
6.8,0.044,68,3.17,9.4,w
7.2,0.047,178,3.16,8.7,w
7.2,0.047,182,3.09,9.6,w
8.6,0.039,158,3,9.3,w
6.5,0.036,200,3.14,10,w
6.6,0.023,86,3.25,12.5,w
7,0.034,132,3.36,9.6,w
5.5,0.03,102,3.24,9.4,w
7,0.029,227,3.03,9.5,w
7.4,0.028,105,2.99,12.4,w
7,0.037,115,3.11,10.5,w
7.1,0.073,165,2.97,9.2,w
6.3,0.041,164,3.32,10.4,w
6.7,0.043,172,3.22,9.2,w
5.9,0.047,104,3.33,10.6,w
5.8,0.044,137,3.34,9.5,w
6.7,0.043,172,3.22,9.2,w
6.2,0.346,200,3.29,9.6,w
6.2,0.028,117,3.47,9.7,w
6,0.025,117,3.46,9.7,w
6.6,0.035,90,3.1,10.7,w
7.4,0.045,180,3.34,10.5,w
7.4,0.047,177,3.13,8.9,w
7,0.035,70,3.09,12.1,w
7.1,0.032,65,3.25,12.7,w
7.8,0.039,182,3.18,9.9,w
6.3,0.022,158,3.2,11.4,w
6.8,0.04,103,3.37,10.7,w
5.7,0.025,173,3.33,12.5,w
7.2,0.041,189,3.08,8.6,w
6.8,0.026,147,3.29,12.5,w
5.7,0.04,174,3.27,10,w
7.2,0.041,189,3.08,8.6,w
7.2,0.045,200,3.08,9.5,w
6.8,0.038,164,3.12,9.6,w
6.4,0.038,210,3.2,9.9,w
6.5,0.037,210,3.19,9.9,w
7.8,0.053,140,3.06,8.9,w
7.8,0.053,140,3.06,8.9,w
7.3,0.09,135,3.01,8.8,w
6,0.048,170,3.64,10,w
5.9,0.039,152,3.44,12,w
6,0.048,170,3.64,10,w
6.7,0.041,138,3.21,10,w
7.8,0.042,167,3.11,12.1,w
7.3,0.04,141,3.16,11,w
7.4,0.025,55,3.21,11.2,w
7.8,0.036,115,3.17,10.3,w
6.1,0.051,167,3.37,10.4,w
6.8,0.055,154,3.08,9.1,w
7.4,0.045,154,3,10.4,w
5.9,0.05,78,3.43,10.8,w
7.2,0.048,41,3.19,11.7,w
7.9,0.039,143,3.05,9.8,w
7.9,0.039,143,3.05,9.8,w
6.9,0.038,101,3.03,11.4,w
5.8,0.033,96,3.03,11.2,w
5.6,0.038,72,3.37,11.4,w
5.9,0.114,140,3.09,9.2,w
7.2,0.04,29,3.04,12.5,w
6.1,0.034,116,3.36,12.6,w
5.2,0.031,104,3.44,12.2,w
5.6,0.03,112,3.56,11.2,w
6.4,0.048,103,3.43,9.7,w
6.4,0.186,150,3.06,9.3,w
7.4,0.067,178,3.01,9,w
7.4,0.067,178,3.01,9,w
7.4,0.067,178,3.01,9,w
7.9,0.047,171,3.09,9.1,w
7.9,0.047,171,3.09,9.1,w
7.4,0.067,178,3.01,9,w
6.1,0.045,61,3.31,10.4,w
6.8,0.053,211,3.37,9.5,w
6.7,0.04,175,3.46,11.4,w
7.2,0.05,192,3.16,8.7,w
5.5,0.045,167,3.34,9.9,w
6.7,0.036,148,3.22,9.9,w
6.8,0.047,162,3.21,9,w
6.4,0.04,149,3.49,10,w
6.3,0.039,172,3.49,9.7,w
7.7,0.052,87,3.3,11.8,w
6.5,0.044,127,3.49,10.2,w
7.2,0.05,192,3.16,8.7,w
7,0.05,168,3.07,9.6,w
9.2,0.026,93,2.93,11.3,w
7.8,0.028,118,3,12.1,w
7,0.05,168,3.07,9.6,w
7.8,0.028,118,3,12.1,w
9.2,0.026,93,2.93,11.3,w
8.4,0.046,160,2.98,9.4,w
6.1,0.049,137,3.32,10.4,w
5.9,0.044,165,3.25,9.5,w
7.2,0.047,144,3.01,12.3,w
6.7,0.049,150,3.12,9.9,w
5.9,0.057,128,3.24,10.1,w
7.7,0.063,184,3.09,9.2,w
7.4,0.046,135,3.08,10.4,w
6.8,0.066,165,3.2,9.1,w
7.8,0.059,99,3.12,10,w
7.2,0.051,37,3.13,11.5,w
6,0.048,153,3.08,9.8,w
6.1,0.05,154,3.08,9.8,w
6.5,0.04,179,3.19,9.4,w
7.4,0.051,194,3.05,8.7,w
6.5,0.038,107,3.32,11.6,w
6.7,0.047,181,3.04,8.8,w
7.2,0.032,151,3.16,12.7,w
7.4,0.035,138,3.17,11.7,w
8.2,0.047,185,3.13,10.2,w
8.2,0.047,187,3.13,10.2,w
7.1,0.033,153,3.15,12.7,w
6.5,0.038,107,3.32,11.6,w
6,0.034,134,3.38,12.3,w
7.4,0.051,194,3.05,8.7,w
5.7,0.042,111,3.35,9.4,w
7.3,0.056,168,3.13,10.1,w
7.4,0.042,81,2.86,9.7,w
6.6,0.046,134,3.42,10.1,w
7.4,0.042,81,2.86,9.7,w
7.4,0.049,157,3.13,8.9,w
6.1,0.034,136,3.47,10.8,w
6.9,0.036,121,3.42,10.8,w
7,0.04,136,3.19,9.5,w
7.1,0.059,148,2.94,9.1,w
7.3,0.037,119,3.32,10.9,w
6.9,0.043,152,3.2,9.4,w
6.4,0.03,131,2.97,10.8,w
6.4,0.03,131,2.97,10.8,w
6.3,0.051,140,3.45,10.5,w
6.9,0.043,152,3.2,9.4,w
7,0.034,127,3.17,10.8,w
5.9,0.036,115,3.35,10.5,w
6.9,0.036,55,3.08,11.5,w
6.7,0.18,160,3.11,9.4,w
7.2,0.045,106,2.88,10.8,w
6.4,0.03,131,2.97,10.8,w
6.4,0.03,131,2.97,10.8,w
6.3,0.052,134,2.99,9.8,w
6.3,0.052,134,2.99,9.8,w
7.3,0.049,158,3.43,9.6,w
7.3,0.049,158,3.43,9.6,w
6.1,0.044,161,3.34,9.5,w
7.4,0.061,94,3.48,10.7,w
6.5,0.037,119,3.25,12.4,w
7.4,0.032,95,3.09,11.1,w
7.5,0.047,133,2.99,8.8,w
7.5,0.045,133,3,8.7,w
7.5,0.045,133,3,8.7,w
7.5,0.047,133,2.99,8.8,w
7.8,0.037,101,3.21,11.7,w
7.8,0.051,195,3.23,10.9,w
7.7,0.051,190,3.23,10.8,w
7.4,0.057,135,3.12,9.6,w
6.5,0.084,222,3.18,9,w
6.5,0.083,171,2.85,9,w
5.3,0.043,141,3.36,10.4,w
7.2,0.045,64,3.23,11.4,w
6,0.066,128,3.26,9.3,w
6.2,0.039,130,3.33,11,w
7.6,0.096,177,3.32,9.1,w
7,0.048,228,3.23,9.4,w
7,0.048,228,3.23,9.4,w
5.8,0.036,99,3.18,10.5,w
7,0.05,144,3.22,8.8,w
7,0.05,144,3.22,8.8,w
6.9,0.04,131,3.26,10.7,w
6,0.045,187,3.33,9.5,w
6.1,0.033,150,3.43,10.9,w
5.9,0.027,140,3.49,10.8,w
6.2,0.037,133,3.41,10.8,w
7.4,0.053,148,3.1,9.2,w
5.6,0.046,198,3.3,10.3,w
5.8,0.046,197,3.3,10.3,w
5.6,0.047,127,3.34,11,w
6.1,0.054,189,3.25,9,w
6.3,0.046,179,3.36,10.4,w
6.4,0.05,163,3.31,9.5,w
6.4,0.051,166,3.31,9.5,w
6.3,0.058,166,3.24,9,w
6.5,0.061,151,3.09,9.5,w
7.4,0.05,146,3.16,9,w
6,0.041,190,3.16,10,w
7.1,0.067,189,3.07,9.1,w
7.1,0.067,189,3.07,9.1,w
7.1,0.067,189,3.07,9.1,w
7.1,0.067,189,3.07,9.1,w
5.9,0.053,134,3.34,9.5,w
6.5,0.048,138,3.33,11.4,w
7.7,0.03,117,3.11,12.2,w
9,0.028,95,3.04,11.3,w
7.3,0.05,136,3.25,10.2,w
6.6,0.052,188,3.24,11.3,w
6.8,0.038,234.5,3.15,10,w
7.1,0.049,86,3.15,9.4,w
6.8,0.032,133,3.37,12.2,w
7,0.094,188,3.4,9.2,w
7.1,0.049,86,3.15,9.4,w
7.1,0.052,182,3.35,9.6,w
7.8,0.056,130,3.28,9.5,w
6.8,0.036,195,3.35,12.5,w
7.1,0.052,182,3.35,9.6,w
6.1,0.047,173,3.35,10,w
6.4,0.047,211,3.18,9.3,w
7.8,0.058,199,3.14,9.3,w
6.6,0.038,101,3.29,11.6,w
7.1,0.039,150,3.38,12.5,w
6.7,0.038,130,3.36,10.6,w
6.4,0.047,206,3.08,9.4,w
6.1,0.056,201,3.19,9.1,w
5.9,0.057,224,3.23,9,w
5.8,0.033,94,3.42,11.8,w
5.8,0.033,94,3.42,11.8,w
5.7,0.033,94,3.42,11.8,w
6.7,0.043,159,3.17,10,w
6.8,0.058,171,3.06,9.7,w
5.9,0.052,165,3.24,9.5,w
6.4,0.24,174,3.12,9.4,w
8.1,0.052,183,3.03,11.2,w
6.2,0.051,201,3.25,9,w
6.8,0.043,114,3.3,10.7,w
6.8,0.29,193,3.08,9,w
7.2,0.044,222,3.14,9.1,w
6.7,0.039,125,3.26,10.8,w
6.9,0.043,136,3.31,10.1,w
6.1,0.037,198,3.17,9.9,w
6,0.036,191,3.17,9.8,w
5.9,0.036,185,3.17,9.8,w
7.6,0.041,225,3.16,9.5,w
6.3,0.047,198,3.23,9.5,w
6.7,0.022,94,3.23,11.1,w
7.5,0.039,204,3.06,9.5,w
7.5,0.039,204,3.06,9.5,w
7.4,0.042,204,3.06,9.4,w
8.4,0.042,197,3.06,9.7,w
5.9,0.03,135,3.41,13.9,w
6.6,0.042,84,3.22,10.1,w
6.4,0.038,110,3.12,10.5,w
5.6,0.037,115,3.42,12.6,w
8.6,0.032,41,2.89,10.9,w
6.2,0.041,218,3.15,10,w
7.2,0.046,166,3.13,11.2,w
7.7,0.05,130,3.11,10,w
6.2,0.044,98,3.14,9.2,w
6.1,0.046,172,3.35,9.5,w
8.2,0.035,128,3.1,12.3,w
8.2,0.035,128,3.1,12.3,w
6.4,0.04,213,3.32,10,w
6,0.038,187,3.41,10.8,w
6.2,0.038,150,3.49,10.5,w
7.7,0.048,221,3.06,9.2,w
7,0.042,157,2.96,9.1,w
6.2,0.038,150,3.49,10.5,w
7.4,0.042,127,3.45,10.2,w
6.6,0.053,178,3.02,8.9,w
6,0.046,182,3.5,10.4,w
6.9,0.032,128,3.37,11.7,w
6.6,0.02,89,3.26,12.4,w
7.8,0.028,122,3.14,10.9,w
6.4,0.041,136,3.15,10.2,w
6.4,0.038,114,3.37,11.7,w
7,0.057,101,2.99,9.4,w
6.4,0.043,157,3.35,10.5,w
6,0.185,188,3.12,9.4,w
6.5,0.042,139,3.35,10.4,w
6.2,0.044,240,3.25,9.5,w
8.8,0.022,49,3.01,11.1,w
6.6,0.052,183,3.02,9.1,w
6.9,0.04,191,3.28,9.2,w
6.4,0.038,129,3.14,9.6,w
6.6,0.052,183,3.02,9.1,w
6.9,0.04,191,3.28,9.2,w
7.1,0.021,142,3.17,10.8,w
6.4,0.038,129,3.14,9.6,w
6.9,0.022,19,3.31,12.6,w
5.8,0.031,57,3.44,11,w
7,0.03,136,3.28,10.2,w
5.9,0.034,152,3.33,9.4,w
7.4,0.041,160,3.17,10,w
7.4,0.022,113,3.26,12.2,w
7,0.033,253,3.22,10.5,w
7.2,0.024,177,3.04,11.5,w
6.9,0.049,176,3.3,9.8,w
7.3,0.025,175,3.04,11.4,w
7.2,0.024,177,3.04,11.5,w
6.9,0.036,167,3.15,10.2,w
6.7,0.038,160,3.16,9.4,w
7,0.033,253,3.22,10.5,w
5.9,0.11,138,3.09,9.1,w
7.1,0.032,107,3.25,12.2,w
5.8,0.056,175,3.42,9.5,w
6.8,0.051,178,3.4,9.3,w
7.1,0.051,136,3.3,9.8,w
7.1,0.047,134,3.3,9.8,w
6.9,0.049,176,3.3,9.8,w
7,0.05,173,3.3,9.8,w
6.8,0.057,247,3,8.7,w
5,0.039,128,3.37,10.2,w
6.3,0.042,168,3.22,9.5,w
7.2,0.05,135,2.94,11,w
6.7,0.078,238,3.08,9.2,w
6.8,0.028,46,3.21,10.9,w
6.7,0.043,113,3.42,9.3,w
6.7,0.043,113,3.42,9.3,w
6.8,0.045,120,3.41,9.8,w
6.6,0.13,140,3.12,9.3,w
6.6,0.135,144,3.12,9.3,w
6.1,0.039,172,3.4,9.4,w
9.1,0.035,124,3.2,10.4,w
6.4,0.115,104,3.24,12.1,w
8.3,0.039,98,3.02,11,w
7.2,0.052,197,3.12,9,w
6.9,0.053,178,3.37,9.5,w
8.1,0.053,145,3.28,8.8,w
6,0.042,55,3.37,11.2,w
