,molecular_weight,polydispersity,crystallinity,crosslink_density,processing_temp,cooling_rate,pressure,glass_transition_temp,heat_deflection_temp,youngs_modulus,tensile_strength,elongation_at_break,polymer_type
0,86758,2.25,69.9,0.001,266.8,25.6,185,49.6,39.9,6279,56.4,173.1,Thermoplastic
1,186854,3.29,58.3,0.039,227.3,23.1,185.8,57.5,42.8,5590,51.7,233.2,Thermoplastic
2,117620,3.16,75.5,0.001,210,51.7,333.9,53.6,41.1,6974,55.9,174.4,Thermoplastic
3,54806,2.92,32.4,0.038,218.3,56.4,115.5,45.8,32.7,3247,32.8,221.6,Thermoplastic
4,25353,2.07,1.6,0.836,126.9,3.2,74.4,166.8,177.5,6883,101.5,18.3,Thermosetting
5,44213,2.08,7.7,0.56,128.1,14.6,117,141.3,160.7,4863,95,33.2,Thermosetting
6,21416,1.94,0.7,0.621,156,8.5,87,149.8,172.7,5232,91.1,30.7,Thermosetting
7,182724,3.22,67.4,0.024,281.9,47.6,288.5,58.2,44.9,6166,67.8,142.2,Thermoplastic
8,131890,2.99,84,0.019,220.7,38.9,326.1,55.2,49.7,8051,70.3,112.5,Thermoplastic
9,57839,2.96,58.9,0.044,244.2,12.8,101.7,47.5,34,5532,49.4,184.1,Thermoplastic
10,18302,1.86,0.3,0.836,164,4.8,149.5,167.6,188.6,6017,100.7,22.8,Thermosetting
11,143909,3.08,52.1,0.017,187.3,54.2,323.9,54.2,47.2,4886,48.6,206.8,Thermoplastic
12,69060,2.07,81.7,0.031,191.2,55.5,178.5,49.1,40.9,7050,52.1,141.1,Thermoplastic
13,59583,2.09,1,0.856,127.9,4.5,77.7,172.3,188,6061,104.5,13.4,Thermosetting
14,19192,2.08,0.9,0.877,168.5,6.4,114.5,171,191.6,6965,117.8,24.4,Thermosetting
15,28574,1.33,1.3,0.605,154.6,5.7,123.9,147.8,158.9,5164,94.7,25.8,Thermosetting
16,73322,3.2,69.6,0.023,272.8,25,249,51.2,44.6,6480,57.1,175.7,Thermoplastic
17,74869,2.02,76.9,0.014,199.8,15.8,236.7,54.7,41.6,6737,64.9,168,Thermoplastic
18,58394,2.37,71,0.048,224,55.1,186,47.5,41.2,7044,42.6,190.9,Thermoplastic
19,46590,1.97,1,0.386,167,14.1,173.1,130.8,145.4,4232,75.7,40.4,Thermosetting
20,42881,2.07,56.8,0.029,261.3,38.3,264.3,41.7,32.1,5567,52.6,185.1,Thermoplastic
21,34305,2.04,5.8,0.47,145.7,6.2,51.6,130.4,150.7,4602,82.6,35.6,Thermosetting
22,38106,2.05,1.3,0.467,167.2,12.7,170.1,134.5,159.8,4087,74.7,33.4,Thermosetting
23,94582,2.66,49.7,0.02,234.4,33.2,129.7,58.1,48.6,4804,45.8,198.6,Thermoplastic
24,104381,1.81,59.1,0.05,207.2,59,153.7,50.9,38,5392,38.9,205.3,Thermoplastic
25,41676,2.29,92.7,0.003,233.7,46.9,108.1,42,30.8,7905,57.2,83.1,Thermoplastic
26,19660,1.86,3,0.647,136.4,10.6,129.8,146.8,159,5022,97.9,22.4,Thermosetting
27,138529,3.47,66.2,0.004,186.4,56.9,304.7,57.9,51.4,6392,51.2,157.5,Thermoplastic
28,86349,2.87,79.9,0.008,244.6,59.2,164.9,52.9,43.5,6715,53.3,138.5,Thermoplastic
29,26919,1.53,3,0.564,148.7,6.5,57.6,145.3,163.2,5042,95.4,30.1,Thermosetting
30,158828,2.88,74,0.026,241.3,12.6,273,58,45.6,6918,73.1,181.2,Thermoplastic
31,38035,1.79,3.3,0.455,119.6,10,87.9,135.8,157.4,4322,72.3,35,Thermosetting
32,58205,2,1.1,0.49,145.3,9.5,103.9,135.7,153.5,4388,87.5,41.1,Thermosetting
33,75641,1.98,86,0.004,240.7,33.9,187.7,54,47.3,8127,60.3,142.6,Thermoplastic
34,204920,3.09,56.9,0.015,240.8,28.1,301.4,60,52.8,5582,61.2,193.2,Thermoplastic
35,175900,2.72,77.1,0.048,203,14.2,216.7,64,53.2,6655,57.2,161.7,Thermoplastic
36,64571,3.44,56.8,0.047,214.1,34.1,310.2,44.6,35.3,5657,54.4,175.9,Thermoplastic
37,53564,1.61,7.1,0.501,138.9,12.5,173.5,134,154.3,4546,89.6,39.8,Thermosetting
38,100981,2.88,67.2,0.029,197.5,29.2,214.8,60.2,53.5,6030,50.9,194.8,Thermoplastic
39,144975,3.38,70.8,0.045,240.3,15.9,333.4,55.6,44,6505,63.2,186.5,Thermoplastic
40,24687,1.39,1,0.304,146.3,10.9,129.7,113,140,3576,69.6,39.2,Thermosetting
41,103056,3.39,81.6,0.041,229.3,30.4,140.3,52.3,44.7,7250,62.3,151.6,Thermoplastic
42,55457,1.92,0.5,0.869,139.7,10.5,195.7,177.8,197.7,6057,121.9,10.4,Thermosetting
43,30352,1.92,61.7,0.005,273.1,13.4,204.4,34.4,19.7,5568,63,174.4,Thermoplastic
44,22622,1.57,3.4,0.397,160,3.5,141.9,124.1,140.7,3934,70.1,33.9,Thermosetting
45,26381,3,60.5,0.048,234.5,13.8,188.7,35.6,24.7,5547,55.1,208,Thermoplastic
46,63914,1.91,55.1,0.027,242.2,37.5,200.8,52,46.1,5342,56.2,166.8,Thermoplastic
47,104691,2.79,82.8,0.001,240.1,40.6,193.4,53.4,42.3,7326,56,135.5,Thermoplastic
48,155000,2.39,65.2,0.013,240.7,22.8,126.5,59.4,53.5,5975,49.8,143,Thermoplastic
49,37408,1.86,0.8,0.57,128.6,10.8,148.7,139.6,168.7,5067,91.7,22.5,Thermosetting
50,165100,1.88,55.2,0.035,185.3,13.5,198.8,65.3,53.2,5613,50.7,193.9,Thermoplastic
51,36679,3.28,41.5,0.037,220.6,51.4,110.5,40.1,27.2,4512,35.4,215.2,Thermoplastic
52,31204,3.45,66.6,0.05,221.3,31,142.1,38.6,26.6,6474,51.1,176.4,Thermoplastic
53,71127,3.45,65.3,0.014,233.8,21.6,225.6,55.3,44.4,6299,60.9,160.8,Thermoplastic
54,88613,3.07,62.3,0.027,255.5,46.6,339.5,51.4,41.9,6320,57.5,186.1,Thermoplastic
55,71945,2.02,20.1,0.027,238.8,56.7,329.1,55.5,41.9,2540,37.7,245.3,Thermoplastic
56,15883,1.98,0.6,0.543,144.9,10.3,144.5,136.4,165.5,4995,92.4,34.6,Thermosetting
57,35044,1.32,2.4,0.401,179.3,8.9,151.6,128,148,4619,74.7,31.8,Thermosetting
58,21552,1.32,0.3,0.886,138.8,7.6,159.7,171.1,199.7,5703,121.1,12.7,Thermosetting
59,102215,2.35,73.8,0.043,222.5,51.6,235.1,50.8,39.9,6642,58.8,135.8,Thermoplastic
60,87842,2.63,73.4,0.025,236.9,52.2,207.8,54.3,44,7185,50,175.8,Thermoplastic
61,24936,1.99,1,0.662,164.6,5.3,176.6,152.8,171.8,5614,92.5,29.1,Thermosetting
62,56561,2.96,90.2,0.011,224.7,34.2,228.5,43.1,36.1,8935,65.8,97.8,Thermoplastic
63,43062,2.56,63.3,0.027,246.8,26.3,109.8,42.2,37.1,5925,51.6,164.1,Thermoplastic
64,35416,1.55,8.1,0.717,114.7,5.5,51,161.2,176,5557,90.8,16.9,Thermosetting
65,117898,3.5,76,0.026,267.7,27.3,267.8,58,47.9,7010,60.5,170.4,Thermoplastic
66,24482,1.68,1.6,0.894,136.2,12.5,192,172.8,190.4,6572,110,19.3,Thermosetting
67,94092,2.57,30.2,0.031,263.7,23.3,347.6,52.1,42.6,3558,54.2,207,Thermoplastic
68,29375,1.45,2.2,0.523,140.5,2.3,140.5,143.3,172.9,5062,85,35.4,Thermosetting
69,49196,3.15,67.4,0.039,262.1,16,334.6,40.7,32.2,6057,75.6,142.9,Thermoplastic
70,69320,2.98,77.9,0.009,257.2,19.1,255.7,49.8,40.3,6933,74,137.2,Thermoplastic
71,24002,1.5,0.1,0.531,135.7,9.1,112.6,133.2,145.9,4624,93.8,34.7,Thermosetting
72,29101,1.37,4.1,0.508,129.4,4.1,75.6,139.9,150.9,4774,81.4,40.5,Thermosetting
73,40177,2.96,52.5,0.022,267.4,54.9,121,42.1,29.3,5187,46.6,177.7,Thermoplastic
74,195314,2.91,64.5,0.039,218.1,29.7,125.1,59.7,49,6279,52.4,192.2,Thermoplastic
75,74431,2.26,28.5,0.024,201.7,21.7,105.9,59.3,46.7,2949,36.3,212.4,Thermoplastic
76,51541,3.42,75.2,0.04,238.6,51.7,343.7,44,37.5,6805,62,123.7,Thermoplastic
77,39561,1.44,3.1,0.646,142.5,13.3,189,156.1,177.6,5162,84.9,27.7,Thermosetting
78,69136,2.53,74.2,0.017,217.3,31,112.7,48.8,41.3,7102,50.9,154.5,Thermoplastic
79,33243,2.15,0.7,0.786,151.7,7.1,54.3,163.5,178.1,5829,114.6,6.5,Thermosetting
80,99417,2.51,82,0.012,217,39.2,102.8,62.4,57.3,6586,50.8,171.4,Thermoplastic
81,106804,2.89,75.7,0.011,213.1,12,247.1,54.8,48.5,7269,63,110.4,Thermoplastic
82,56092,2.48,40.6,0.025,255.1,29.9,343.5,42.8,34.8,4060,57.9,196.1,Thermoplastic
83,28844,1.55,2.9,0.457,115.3,11.2,90.7,131.6,144,4276,76.1,43.1,Thermosetting
84,63734,3.47,44.9,0,238.5,55.2,193.7,48.3,33.4,4505,47,247.8,Thermoplastic
85,23134,2.5,78.3,0.032,214.2,31.3,308.1,35.9,27.8,7242,58.1,149,Thermoplastic
86,34283,3.32,66.4,0.026,231.7,50.3,156.1,39.4,33.1,6296,46.1,142.1,Thermoplastic
87,144848,2.19,60.8,0.022,245.9,56.5,123.8,64.4,57.4,5221,53,200.9,Thermoplastic
88,166456,2.16,62,0.048,216.3,32.5,184.4,60.2,49.4,6088,51.1,202.1,Thermoplastic
89,64569,1.85,45.9,0.029,246.9,12.6,223.1,45.8,40.1,4105,54.5,200.6,Thermoplastic
90,45735,1.89,5.2,0.818,134.5,7.7,100.2,169,196.2,6418,100,12.5,Thermosetting
91,85445,2.43,51.9,0.007,246.8,18.1,243,50.4,35.7,5188,54.5,191.5,Thermoplastic
92,340933,3.27,85.7,0.028,170.7,50.3,290,59.2,51.7,7115,65.2,125.8,Thermoplastic
93,128000,2.6,68.8,0.043,225.7,23.4,190.3,54.2,44.7,6483,52.7,183.5,Thermoplastic
94,68600,3.45,67.7,0.029,225.8,30.4,269.9,56.2,51,6488,59.3,153.6,Thermoplastic
95,45353,2.12,50.3,0.036,269.2,19.7,260.4,41.8,30.4,4676,51.9,205.4,Thermoplastic
96,32754,3.28,70.6,0.019,208.5,23,321.5,41.3,32.1,6774,54.7,176,Thermoplastic
97,80962,3.12,44.1,0.005,222.2,21.5,202.8,51.1,43.4,3745,46.9,192.8,Thermoplastic
98,26835,1.99,1,0.575,162.2,5.1,150.9,138.9,153,5363,100.6,28.3,Thermosetting
99,20560,2.06,1.9,0.537,160.3,12.7,109.5,138.3,161.4,4867,86.5,24.4,Thermosetting
100,28040,1.98,1.9,0.82,169.5,4,160.7,168.3,186.6,5906,109.1,17.1,Thermosetting
101,42584,2.86,47.6,0.012,265,23.5,120.3,44.6,37.8,4832,44.6,165.7,Thermoplastic
102,170003,2.02,82.7,0.048,201.5,59.6,139.1,50.8,38.9,8185,50,144.2,Thermoplastic
103,113643,1.86,52.2,0.048,245.1,38.9,316.5,52.2,41.5,4987,54.2,161.7,Thermoplastic
104,72840,3.37,73.5,0.012,257.9,24.5,216.9,53.6,40,7269,56.4,113.7,Thermoplastic
105,65642,1.85,1.5,0.509,123.7,7.6,99.5,136.2,148.5,4230,73.1,33.4,Thermosetting
106,76015,3.15,53,0.045,274.2,38.2,312.6,51.9,39,5036,56,228,Thermoplastic
107,47541,2.62,23.8,0.048,253.2,37.8,294.9,40.8,29,2701,45.1,268,Thermoplastic
108,66786,1.41,0.9,0.566,160.9,2.2,172.8,146.9,159.2,4548,90,21.8,Thermosetting
109,45052,1.41,1.5,0.493,163.3,5.3,179.8,138.8,162.7,3918,81,29.6,Thermosetting
110,23983,1.92,1.3,0.616,135.5,3.3,68.9,148.3,167.1,5276,95.3,26.7,Thermosetting
111,33653,1.69,5.2,0.713,140.9,10.8,139.1,160.1,189,5668,102.1,33.6,Thermosetting
112,47202,2.14,73.4,0.014,252.4,40.2,270.6,49.1,42.7,7057,61.4,131.4,Thermoplastic
113,36629,2.64,67.6,0.037,187,23.8,292.1,37.3,25.8,6846,58.2,155.4,Thermoplastic
114,116202,1.91,86.8,0.003,275.7,21.3,273.1,53.7,44.9,7520,71.2,169,Thermoplastic
115,189987,2.79,52.5,0.002,245.5,47.4,154.7,61.8,47.2,5250,46.3,202.3,Thermoplastic
116,36342,2.26,81,0.019,197.1,13,132.7,44.1,35.8,7944,60.9,155.1,Thermoplastic
117,45487,2.02,4.5,0.512,171.5,2.6,160.1,136,165.2,4490,95.9,26.4,Thermosetting
118,52822,2.33,74.8,0.016,238.1,27.1,219.6,43.9,29.8,6747,56.1,142.9,Thermoplastic
119,57322,2.57,44.4,0.025,224.8,33.3,103.4,45.3,37.6,4041,41.5,212.9,Thermoplastic
120,54383,1.82,44.2,0.016,243.3,14.1,164.6,41.7,28.7,4688,47,200.3,Thermoplastic
121,47477,1.92,63.4,0.01,231.9,31.3,237,40.7,25.8,5557,54,200.2,Thermoplastic
122,74926,2.47,55.2,0.015,223.2,18.7,174,47.3,39.8,5260,53.2,198.4,Thermoplastic
123,26046,1.73,3.4,0.885,154.4,2.7,183.6,172.4,191.1,6035,117.4,10,Thermosetting
124,40465,1.84,0.3,0.547,151.5,9.5,134.6,141.8,162.2,4638,89.9,32,Thermosetting
125,71316,2.3,86.4,0.022,210.7,14.5,250.2,51.7,43.7,7135,65.9,145,Thermoplastic
126,64895,2.98,51.6,0.029,230,27,329.3,47.6,42.4,4681,50.1,222.8,Thermoplastic
127,46454,3.26,64,0.049,203.3,45.7,173.3,42.8,35.6,5590,44.8,155.6,Thermoplastic
128,28833,2,0.5,0.445,144.4,8.8,154.7,130,145.6,4288,74.6,26.1,Thermosetting
129,106691,1.87,56.9,0.034,232.8,43.8,269.9,50.8,41.3,5748,47.8,157.6,Thermoplastic
130,93944,2.62,65.7,0.036,233.8,57.3,174,56.8,50.1,5981,49.3,137.6,Thermoplastic
131,24563,1.39,0.8,0.664,163.1,10.2,139,154.9,182.3,6045,101.3,23.7,Thermosetting
132,37787,1.52,3.3,0.353,127.2,2.2,159.3,119.5,143.6,3701,70.5,37.2,Thermosetting
133,106478,3.48,58.8,0.034,259.1,37.8,185.7,54,48.2,5187,49.4,156.8,Thermoplastic
134,31739,2.04,76,0.003,198.9,16.7,123.6,42.5,31,6468,51.3,162.3,Thermoplastic
135,95959,2.65,62.9,0.03,211,30.1,282.2,53.8,42.2,5744,52.2,151.4,Thermoplastic
136,52506,2.85,37.5,0.037,237.2,49,129.6,47.8,33.2,4049,37.1,187,Thermoplastic
137,97275,2.99,44.3,0.011,197.6,10.6,235.1,54,49,3968,48.2,213.2,Thermoplastic
138,49930,2.75,67.7,0.042,211.1,52.6,339.4,49.9,42.5,6566,62.5,203.7,Thermoplastic
139,29660,1.82,68.2,0.002,245.2,14.3,237.2,39.4,25.1,5957,61.9,200.8,Thermoplastic
140,32410,2.35,51.8,0.042,299.1,29,251.8,40.7,26.4,4741,57.4,207.3,Thermoplastic
141,37021,1.77,0.2,0.576,122.2,3.2,97.2,145.4,169.8,4642,86,38.8,Thermosetting
142,83271,1.95,67.5,0.011,215.1,14.8,144.2,50.8,38.1,6544,52.5,143.7,Thermoplastic
143,46529,2.4,60.3,0.007,229.2,36.6,318.4,42.8,36.9,5558,52,228.8,Thermoplastic
144,46884,1.33,3.6,0.872,155.5,14.9,137.4,176.4,196.7,6767,113,5.6,Thermosetting
145,18683,1.37,3.3,0.344,138.8,6,110.4,118.5,133.1,3892,68.9,39.3,Thermosetting
146,70754,2.47,43.2,0.01,255.4,43.6,270.5,46.8,39.9,3834,46.6,224.3,Thermoplastic
147,39914,2.03,49.9,0.017,210.2,41.6,132.1,47.6,34.5,5165,41,169.7,Thermoplastic
148,27981,1.81,0.4,0.672,142,9.5,154,155.2,167.9,5162,100.4,21.5,Thermosetting
149,37011,1.92,0.3,0.627,170.7,13.3,125,148.8,168.2,4432,98.7,21.1,Thermosetting
150,47562,3.16,69.5,0.006,250.5,46.5,254.8,43.7,29.3,6190,60.8,176.2,Thermoplastic
151,31138,1.48,0.3,0.474,140.8,10,177.5,133.4,147.1,4195,86.3,45,Thermosetting
152,54313,1.45,0.2,0.443,115.2,4.6,68.8,133.3,162.9,4743,70.9,36.2,Thermosetting
153,54806,1.98,89.1,0.011,293.9,37.1,121.5,40.5,25.6,7937,63.9,114.9,Thermoplastic
154,111062,2.88,63.5,0.021,213.9,12.9,126.4,62,51.4,6267,52.7,109.6,Thermoplastic
155,23112,1.94,0,0.722,173.6,5,145.7,154.3,167.7,5565,107.5,25.7,Thermosetting
156,95311,1.85,83.7,0.011,287,51,110.4,54,45.9,7586,54.3,139.1,Thermoplastic
157,150359,3.39,61.9,0.018,279.3,22.6,176.9,58.1,48.9,5823,58.2,144.9,Thermoplastic
158,13512,1.35,1.4,0.535,149.6,10,184.7,142.3,158.5,5004,88.9,29.8,Thermosetting
159,49097,2.72,48.9,0.049,238.6,46.5,191.2,44.8,36.9,4523,46.1,211.1,Thermoplastic
160,97591,3.01,69,0.048,262.2,42,216.5,59.1,44.4,6270,54.2,189.6,Thermoplastic
161,66070,3.28,73.8,0.04,245,37.8,189.7,50.5,44,6613,57.7,133.5,Thermoplastic
162,88042,3.01,78.8,0.012,207,55.6,105.2,50.2,37.9,6308,51.5,127.8,Thermoplastic
163,54069,3.16,73.7,0.003,220.6,48.3,275.5,46.8,41.8,6613,55,138.3,Thermoplastic
164,37595,1.61,2.7,0.49,146.9,6.3,151.3,134.8,156.7,4496,81.1,41.8,Thermosetting
165,67654,3.19,57.2,0.013,265.6,32.7,203.1,46.4,32.3,5493,55.9,200.8,Thermoplastic
166,131123,1.94,62.1,0.025,215.5,56.7,162.7,58.2,50.3,5551,44.3,185,Thermoplastic
167,40206,2.11,1,0.767,154.4,14.6,106.7,163.1,176.8,6467,101.8,24.1,Thermosetting
168,41566,1.79,0,0.815,130.4,2.8,100.9,169.6,192.7,6124,117.4,7.2,Thermosetting
169,59520,3.19,74.4,0.042,198.7,42.9,349.4,48.4,36.3,6610,55.9,158.9,Thermoplastic
170,57308,2.57,82.1,0.018,230.5,32.6,188.7,45.3,33.5,7344,64.7,115.8,Thermoplastic
171,30546,1.88,1.3,0.712,131.4,13.5,112.2,158.9,175.3,5887,92.2,33.6,Thermosetting
172,89074,2.69,87.1,0.016,224,29.4,264.9,51.4,43.9,7255,62,107.8,Thermoplastic
173,30687,1.96,1.3,0.337,189.9,2.8,172.1,109.7,138.8,3484,78.4,37.4,Thermosetting
174,84532,1.94,63.5,0.035,210.5,57,262.2,53,38.8,5845,48,160,Thermoplastic
175,83296,1.35,0.5,0.306,198.9,9.6,110.2,117.7,136.8,3681,69.3,48.3,Thermosetting
176,113047,2.22,41.7,0.02,216.4,26.9,131.7,57,43.5,4166,35.6,218.2,Thermoplastic
177,62130,2.07,50.7,0.016,202.1,46.7,152.2,54.5,44.9,5111,37.5,235,Thermoplastic
178,133333,3.28,68.4,0.035,221,12.9,238.1,63.3,54.1,5542,53.1,172,Thermoplastic
179,30846,1.5,0.7,0.76,169.9,9.5,101.8,160.9,174,5434,105.8,23,Thermosetting
180,26395,3.46,43.7,0.015,236.4,50.2,235.1,33.9,24.7,4222,46.9,208.3,Thermoplastic
181,24264,1.6,0.1,0.787,152.5,13.8,109.4,165,185.7,5674,95.8,22.9,Thermosetting
182,28699,2.11,86.6,0.015,210.2,24.8,135.9,36.4,31.1,7747,56.1,165.5,Thermoplastic
183,61343,3.14,83.5,0.022,224.5,39.8,120.2,49.4,40,7469,52,105.2,Thermoplastic
184,36584,1.89,0.1,0.736,127,14.2,163.3,157.6,183.3,6070,95.9,18.9,Thermosetting
185,169095,2.65,65,0.035,260.1,14,219.2,59.4,47.6,5321,57.4,181.6,Thermoplastic
186,86117,2.74,63.3,0.049,237.9,41.5,307.2,50.4,39.1,6111,53.9,156.3,Thermoplastic
187,65542,3.02,69.5,0.011,212.3,57,131.1,52.8,38.7,6596,47.5,133.6,Thermoplastic
188,110714,2.19,61.5,0.033,252.5,53.8,342.7,53.9,48.7,5983,65.9,196.7,Thermoplastic
189,14996,2.2,0.9,0.666,161.2,2.5,110.8,151.7,172.8,5704,86.4,16.2,Thermosetting
190,39905,2.18,0.2,0.849,133.7,8.7,137.1,167.4,193.2,6515,114,14.3,Thermosetting
191,107520,2.91,94.4,0.008,234.7,34.1,302.4,57.7,47.3,8139,78.7,118.1,Thermoplastic
192,34916,2.14,59.9,0.038,241.8,57.5,105.5,37.2,29,5351,46.8,198.1,Thermoplastic
193,129557,2.96,86.8,0.028,215.3,16.6,210,57.8,51.4,6933,68.1,121.2,Thermoplastic
194,86617,1.92,45.7,0.014,251.1,42.2,195.2,56,42.1,4465,47.8,197,Thermoplastic
195,59418,1.85,37.6,0.024,233.3,55.1,195.8,47.2,37.5,3611,40.7,234.1,Thermoplastic
196,100347,2.24,83.9,0.017,215.3,20.8,210.6,51.5,37.8,7888,62,114.4,Thermoplastic
197,227600,2.59,58.9,0.029,238.1,27.7,299.9,61.1,50.2,5302,57.2,179.4,Thermoplastic
198,80092,3.28,64.2,0.044,260.2,37.7,306.5,49.4,37.7,5593,64.5,175.7,Thermoplastic
199,82794,3.04,50.4,0.028,261,39.9,203.5,51.2,38.1,4473,40.9,217.8,Thermoplastic
200,58123,3.06,54,0.032,244.3,57.9,235.3,48.3,36.7,5593,45.4,180.8,Thermoplastic
201,25850,1.68,4.2,0.611,123.1,10.1,135.7,150,167.9,5268,83.1,38.9,Thermosetting
202,50622,1.61,1.6,0.331,160.1,4.4,58.9,120.3,140.6,3310,71,46.2,Thermosetting
203,47665,2.43,87.6,0.012,265,36.2,156.7,44.6,31.6,7665,58.5,114,Thermoplastic
204,75795,3.48,85.5,0.025,243.9,43.3,120,53.4,44.7,8295,58.2,141.5,Thermoplastic
205,30000,1.34,2.9,0.486,125.7,4.4,80.3,134,151.8,4499,83,30,Thermosetting
206,43984,2.08,6.1,0.409,145.8,7,57.7,129.5,141.4,4420,67.5,34.3,Thermosetting
207,86408,2.78,53.6,0.025,237.2,34.2,195.7,56.1,42,5321,42.6,267.7,Thermoplastic
208,54996,1.69,11.2,0.494,100,12.9,71.8,135.9,147.7,4510,81.4,27,Thermosetting
209,29614,1.95,1.1,0.455,135.4,2.9,136.1,120.9,143.9,4075,75.2,35.3,Thermosetting
210,63899,2.63,83.6,0.023,230.2,38.3,319.5,46.4,37.3,7945,64,125.3,Thermoplastic
211,44829,3.28,33.4,0.007,243.7,12.4,124.5,47.3,38.3,3317,42.8,213.8,Thermoplastic
212,58563,3.33,59.2,0.046,231.7,12.2,146.3,47.5,35.7,5572,59,207.2,Thermoplastic
213,42231,1.68,0.3,0.821,192.1,2.6,191.9,167.6,178.9,5796,118.9,19.2,Thermosetting
214,106777,2.27,55.4,0.035,244.9,52.1,174.2,58.8,47.8,5199,51.9,232.7,Thermoplastic
215,25113,1.83,2.2,0.364,117.2,6.7,198.4,120.7,146.2,3829,70,42,Thermosetting
216,112962,3.35,63.8,0.039,233,44.2,337.2,49.5,36.3,6202,60.7,192.4,Thermoplastic
217,144036,2.16,87.6,0.04,221.7,37.7,119.2,53.2,46.5,7940,55.8,105.1,Thermoplastic
218,89924,2.86,56.9,0.038,204.7,10.2,267.6,54.6,40.7,5226,53.7,195.8,Thermoplastic
219,186913,2.87,89.6,0.006,202.2,34.5,203.9,58.8,47.3,9230,60.9,134.5,Thermoplastic
220,49667,3.05,42.9,0.032,274.3,11.2,183.8,49.6,35.7,4648,58.2,187.8,Thermoplastic
221,39249,2.02,52.6,0.042,232.8,46.4,178.8,39.6,29.7,4559,43.4,205.7,Thermoplastic
222,17828,1.94,3.3,0.646,160.1,7.1,85.5,147.3,168.1,5158,99.9,20.2,Thermosetting
223,154511,3.35,48.4,0.032,245.5,37.3,218.8,55.5,41.3,5383,49.8,224.1,Thermoplastic
224,47181,1.46,0.8,0.575,170.8,14,60.9,142.9,170.9,4602,92.9,33.6,Thermosetting
225,35517,1.51,1.8,0.617,132.1,12.2,198.9,141.9,160.9,5780,91,34.4,Thermosetting
226,84119,3.45,64.6,0.002,197.2,22,318.6,51.4,43.7,5647,58.7,174.1,Thermoplastic
227,41658,2.11,48.3,0.032,217.6,30,202.4,42.5,33.5,4678,49.8,216.5,Thermoplastic
228,248420,3.25,39.6,0.004,244.9,58.9,145.2,59.3,50.4,4056,42.2,243.7,Thermoplastic
229,78011,2.64,56.1,0.022,215.1,46.5,205,58,50.2,5300,49.2,179,Thermoplastic
230,77242,2.22,38.1,0.015,256.9,38.9,308.2,57,49.3,4087,49.7,216.5,Thermoplastic
231,105123,3.28,76.7,0.027,238.5,13,273,52.9,39.3,7587,73.3,133.1,Thermoplastic
232,93014,2.56,48.9,0.007,237.1,17,204,47.6,41.9,5027,44.8,189.3,Thermoplastic
233,81793,2.68,38,0.035,174.7,36,349.1,51.9,40.1,3988,42.3,194.5,Thermoplastic
234,26471,1.62,2,0.777,172.1,3.8,151.3,163.7,177.1,6360,106.6,17.1,Thermosetting
235,92571,2.81,73.7,0.008,205,17.9,337.3,51.1,42.7,7060,65.7,190.8,Thermoplastic
236,77096,1.45,0.3,0.363,144.3,13.4,186.1,122.4,133.6,3435,70,39.3,Thermosetting
237,62204,1.65,2.5,0.387,177.4,8.3,112.8,131.4,146.8,4298,78.4,43.5,Thermosetting
238,162201,3.45,80.1,0.044,200.8,27.9,248.4,57.7,45,7598,63.5,127.6,Thermoplastic
239,29600,1.53,2.7,0.617,126.4,8.1,133,148.9,176.6,5056,94.8,24.3,Thermosetting
240,44587,2.92,78.3,0.023,236.6,38.5,152.5,40.8,33.6,6189,51.3,156.8,Thermoplastic
241,68673,2.35,33.4,0.005,260.1,38.2,165.3,49.7,40.1,3429,39.9,234,Thermoplastic
242,75197,3.11,53.2,0.032,214.4,44.7,241.8,50.1,40.4,5558,46.1,213.2,Thermoplastic
243,126386,2.02,65.5,0.043,246.4,40.5,222,54.8,41,6658,54.2,199.9,Thermoplastic
244,18454,2.17,1.7,0.797,166.6,3.7,89.2,166.9,192.1,5914,106.7,15.4,Thermosetting
245,157122,2.57,76.8,0.031,275.2,35.7,172,54.1,44,6366,71.2,174.3,Thermoplastic
246,67575,2.2,51.5,0.004,193.1,10.3,224.1,50.5,38.8,4685,45.2,176.2,Thermoplastic
247,59075,1.92,61.2,0.006,254.8,11.2,246.2,46.7,33.2,5163,67.8,205,Thermoplastic
248,44088,2.09,24.2,0.002,207.3,57.1,143.6,44.7,39.6,2498,26.4,226.2,Thermoplastic
249,31971,2.68,70.9,0.013,207.7,41.3,237.6,37.9,28.8,6963,49,145.8,Thermoplastic
250,50477,1.6,0.8,0.381,148.8,7.3,128.2,127.9,156.1,4280,71.7,35.5,Thermosetting
251,75861,3.21,44.8,0.013,229,11.1,315.4,48.4,36,4238,57.5,222.5,Thermoplastic
252,38370,2.53,58.2,0.019,231.2,38.9,322.7,44.9,34.5,5385,53.8,204,Thermoplastic
253,38271,2.22,81.4,0.047,261.3,31.5,287.5,41.3,31,7023,68.3,125.2,Thermoplastic
254,31751,1.86,1.1,0.666,157.8,13.9,135.8,148.1,165.1,5146,102.5,38.1,Thermosetting
255,168470,3,61.7,0.042,215.7,19.9,161.7,60.7,50.5,6200,51.6,173,Thermoplastic
256,64229,2.08,86.5,0.036,210.2,25.3,238.8,48.3,36.8,8074,64.8,159.2,Thermoplastic
257,34490,2.08,55.3,0.006,191.1,40.8,120.4,34.8,25.6,5421,37.9,195.4,Thermoplastic
258,64675,1.86,41.8,0.037,276.6,14.4,143,50,37.9,4247,46.7,249.6,Thermoplastic
259,32562,1.96,0.2,0.465,120.2,5.7,110,135.1,162.3,4449,77.6,27.3,Thermosetting
260,18988,2.93,65.2,0.032,232.4,50.6,103.5,36.5,29.9,6164,43.1,158.4,Thermoplastic
261,71172,2.61,49.4,0.017,263.4,49.9,333.2,49.2,39.7,4922,57.6,224.8,Thermoplastic
262,33111,2.06,1.4,0.899,173.7,2.3,73.1,175.9,194.1,6514,101,12.8,Thermosetting
263,103580,3.17,54.9,0.013,227.3,38.2,265.8,55.1,43.2,5300,54.1,202.1,Thermoplastic
264,184329,2.8,72.5,0.014,255,44,332.9,63.5,56,6618,64.8,149.4,Thermoplastic
265,128448,3.28,76.7,0.047,246.2,12.5,157.8,54.5,43.1,6751,63.4,141.6,Thermoplastic
266,63931,2.15,93,0.001,220.9,54.9,164,47.5,33.7,8038,64.3,137.8,Thermoplastic
267,42055,1.99,68.2,0.035,218.2,53,225,40.2,31.1,5795,48.4,131.2,Thermoplastic
268,264787,2.26,89.9,0.036,220.9,43.7,159.8,55.5,41.3,7581,61.2,126.5,Thermoplastic
269,37186,1.35,0.3,0.802,165.8,6.1,111.6,167,196.8,5693,117.3,22.1,Thermosetting
270,73642,2.7,63.2,0.049,249.6,20.5,344.1,55.6,49.6,5813,68.9,165.7,Thermoplastic
271,72254,3.39,59.5,0.049,244,25.2,295.5,50,42.6,5514,57.8,199.8,Thermoplastic
272,80744,1.87,52.8,0.003,234.7,48.3,272.9,49.4,34.9,4842,52.9,194.2,Thermoplastic
273,68038,2.01,76.5,0.041,227.6,16.5,267.9,50.3,35.7,6929,62.2,142.6,Thermoplastic
274,54895,2.57,56,0.032,240.4,46.5,243.8,48.4,42.4,5544,52,211.8,Thermoplastic
275,55635,3.39,80.2,0.032,230.6,25.6,206.9,46.4,41.2,7187,61.1,134.8,Thermoplastic
276,71943,2.34,62.2,0.006,193.5,42.3,286.3,54.7,48.1,5732,57,205.8,Thermoplastic
277,55731,2.66,43.2,0.033,217.5,23.5,149.7,44.4,29.5,4149,41.1,201.4,Thermoplastic
278,51204,1.87,72.4,0.049,194.5,49.2,327.3,44.8,38,6455,57.9,140.8,Thermoplastic
279,77127,2.05,72.5,0.046,263.5,54.8,311.5,52.3,42.3,7047,56,175.8,Thermoplastic
280,64377,3.48,74.6,0.022,212.7,19.1,339.1,50.1,36.7,7092,61.3,159.3,Thermoplastic
281,155127,3.44,49.1,0.002,192.3,13.1,221.5,58.3,53.1,4898,50.6,160.7,Thermoplastic
282,19429,1.81,74.1,0.018,201.1,15.5,162.1,29,18,7011,54.8,126.6,Thermoplastic
283,56196,2.16,9.2,0.796,169.8,13.4,95.4,174.1,189.7,6445,107.9,16.1,Thermosetting
284,136358,2.89,92.7,0.035,215.3,52.9,314.3,56.7,43.1,8485,69.5,88.9,Thermoplastic
285,15846,2.08,0.5,0.576,138.7,11,191.8,141.2,156.8,4916,90.1,41.8,Thermosetting
286,61615,2.57,43.4,0.003,240.6,44.1,182.9,50.2,38.3,4070,42.3,237.7,Thermoplastic
287,60735,2.68,68.5,0.021,285.5,35.5,130,46.2,34.5,6410,52.5,154.7,Thermoplastic
288,20682,1.74,1.1,0.581,150.2,6.1,170.4,142.3,156.8,4859,99.5,27.6,Thermosetting
289,49568,2.93,58.4,0.046,226.8,43.1,288,43.1,37.8,5677,54.9,174.9,Thermoplastic
290,23290,1.43,7.8,0.685,156.8,12.6,191.9,154.1,172.3,5684,104.4,11.5,Thermosetting
291,73197,1.33,1.4,0.487,166.3,3.7,155.8,136.3,152.1,4925,78.3,26.8,Thermosetting
292,116756,2.32,88.8,0.026,219.3,47.1,269.4,56.9,43.8,7394,72.8,152.4,Thermoplastic
293,138106,3,64.7,0.003,243.8,18.4,113.4,54.3,41.3,6277,55.4,188,Thermoplastic
294,48468,1.48,0.7,0.884,142.7,11.3,121.3,172.9,192,5892,101.2,13.3,Thermosetting
295,41584,2.94,69.4,0.018,221.2,18.4,309.1,38.5,27.4,6469,61.9,189.5,Thermoplastic
296,56260,3.45,64.9,0.024,256.2,37.4,147.3,44.9,33.8,5668,52.8,175.7,Thermoplastic
297,44168,1.38,11.7,0.513,151.8,9.9,119.1,130.3,156.8,5236,86.9,29.4,Thermosetting
298,39693,2.94,68.1,0.034,275.2,51.4,307.4,41,31.7,6496,59.1,121,Thermoplastic
299,48301,1.7,2,0.697,138.1,12.9,150.7,155.1,170.7,5981,100.9,16.7,Thermosetting
300,32987,2.08,1,0.729,156.3,11.1,104.4,159,174.3,5756,102.6,29.3,Thermosetting
301,60633,2.1,85,0.013,239,15.6,201.9,48.2,37.9,7404,67.2,88.8,Thermoplastic
302,104347,2.98,74.3,0.016,245.2,54.3,111.8,58.8,49.3,6570,46.2,147.8,Thermoplastic
303,91321,3.22,37.9,0.006,231.8,41.6,167.6,61.3,51.9,3886,44.3,197.8,Thermoplastic
304,61054,3.41,75.8,0.033,234.7,22.4,335.5,51.6,45.7,6002,67.9,144.8,Thermoplastic
305,130570,2.96,49.8,0.002,254.9,29.7,134.8,55.7,43.5,4942,49.9,230.2,Thermoplastic
306,42594,2.65,87.5,0.03,211.8,10.5,236.1,41.5,34.3,8718,65.6,107.9,Thermoplastic
307,99505,2.85,55.6,0.043,228.5,27.9,186,57.1,50.2,5318,49.4,222.3,Thermoplastic
308,98376,3.28,72,0.045,235.5,36,210.2,49.4,40.2,6478,55.7,159.9,Thermoplastic
309,32086,1.81,2.2,0.569,150.3,8.6,70.8,141.5,156.1,4840,75.5,44.5,Thermosetting
310,86083,1.85,68.9,0.023,256.2,59.1,162.5,52.1,41.3,6511,55.5,138.3,Thermoplastic
311,22017,2.14,0.4,0.346,154.3,9.7,112.3,120.6,138,3338,72.8,43.4,Thermosetting
312,52555,1.92,0.7,0.702,138.8,7.5,167.8,159.4,178.4,5574,104.9,29.4,Thermosetting
313,66673,2.95,95.1,0.041,242.8,42.4,204.7,47.2,36.9,8408,69.5,110.1,Thermoplastic
314,56311,2.17,73,0.012,217.9,32.9,164.2,45.8,38.8,7305,51.3,130.7,Thermoplastic
315,123563,2.92,76.9,0.021,232.1,26,249,58,51.4,7349,65.8,157,Thermoplastic
316,51422,2.47,65.6,0.042,271.3,59.8,208.8,43.3,29.5,5876,53.3,163.2,Thermoplastic
317,20674,1.89,0.1,0.826,145.4,2.7,80.6,170.3,189,6270,100.5,12.7,Thermosetting
318,19484,1.4,3.1,0.446,162.4,7.4,82.9,130.3,148.5,4210,74.3,41.3,Thermosetting
319,46277,1.89,1.7,0.63,159.6,4.2,68.1,150.4,161.1,5187,88,36.6,Thermosetting
320,38553,3.5,71.3,0.01,247,13.4,281,42.7,32.7,6338,66.3,152.8,Thermoplastic
321,175852,1.88,65.9,0.005,227,16,228.1,57.4,46.9,5723,59.3,155.9,Thermoplastic
322,25823,3.46,71.5,0.046,248.5,27.4,193.7,34.3,23.7,6874,53.4,181.5,Thermoplastic
323,71581,1.67,2.5,0.792,179.1,3.4,55.3,166.3,190.4,6344,114.5,14.7,Thermosetting
324,81268,3.28,39.3,0.038,250.2,59.7,158.2,53.6,46.9,4361,33.5,246.5,Thermoplastic
325,69678,3.13,55.3,0.002,227.3,50.1,185.3,50.7,43.2,5257,42,200.1,Thermoplastic
326,55689,2.76,38.8,0.042,218.7,32.2,268.9,45.6,32.5,4281,48.4,204.5,Thermoplastic
327,89283,3.06,48.1,0.022,258.5,53.3,102.5,55.5,41.1,4600,34.8,206.1,Thermoplastic
328,71767,3.29,78.9,0.017,230.7,48.9,215.2,50,43.6,7482,56.8,137.7,Thermoplastic
329,56462,1.66,2.6,0.628,149.8,14.8,163.2,148.3,168.2,4951,101.6,18.7,Thermosetting
330,77429,2.36,67.5,0.005,237.4,22.4,234.6,52.3,45.1,6027,59.7,173.5,Thermoplastic
331,78838,2.93,74.6,0.038,237.2,27.3,101.7,48.7,43.1,6794,55.7,138.4,Thermoplastic
332,31400,2.03,0.2,0.649,138.7,7.2,85.2,145.3,161.8,5215,100.8,28.9,Thermosetting
333,35498,1.99,1.7,0.412,139.5,12.8,50.1,127.1,139.9,3842,80.4,31.6,Thermosetting
334,41074,2.02,1.7,0.413,170.6,6,86.2,125.7,149.9,4124,71.5,44.9,Thermosetting
335,18323,1.69,1,0.411,154.7,5.8,112.6,124,144.6,4230,72.1,42.3,Thermosetting
336,37269,3.19,64.8,0.003,196.9,28.8,319,38.1,31.7,5669,59.8,147.6,Thermoplastic
337,106046,2,61.5,0.029,229.6,26.5,126.7,58.8,53.7,5297,55.7,199.9,Thermoplastic
338,79653,2.73,35.9,0.042,252.9,57.7,115.1,49.9,36.8,3572,34.4,209.9,Thermoplastic
339,33739,1.31,0.5,0.31,128.9,6.2,74.6,115.5,129,3603,62.7,55.7,Thermosetting
340,73808,2.35,65,0.002,203.5,49.2,130.6,52,40.9,5702,44.3,154.7,Thermoplastic
341,87011,2.42,47.1,0.029,207.7,13.5,327.4,48.9,40.5,4759,51.9,194.7,Thermoplastic
342,29263,1.66,2.5,0.792,156.4,4.5,173.2,160,181.7,5551,104,16.1,Thermosetting
343,49555,2.98,61.7,0.016,209.9,57.8,161.7,46.3,38.1,6432,39.6,174.6,Thermoplastic
344,80654,2.46,70.1,0.017,232.1,53,142.2,50.7,44.8,6291,49.5,179,Thermoplastic
345,44838,2.56,81.9,0.03,269.2,56.7,327.3,41,33.8,7829,67.5,128.9,Thermoplastic
346,89691,2.2,65.9,0.014,231.7,51,322,55.2,48.3,6203,59.7,166.5,Thermoplastic
347,18379,1.64,7.6,0.316,137.2,5.8,106.6,112.8,131.4,3706,65.8,47,Thermosetting
348,122342,2.19,58.4,0.037,207.7,29.7,236.1,55.7,44.1,5479,59.3,211.6,Thermoplastic
349,92624,1.92,51.5,0.031,242.2,18.4,177.6,51,43.4,4759,47.3,227,Thermoplastic
350,83118,2.83,46.5,0.029,208.3,35.2,299.1,53.3,48.2,4346,48,218.5,Thermoplastic
351,119533,2.94,78.1,0.037,249.8,17.8,236.8,60.3,50.1,6625,64.5,138.1,Thermoplastic
352,168171,2.85,31.7,0.034,262.5,14.4,194.3,53,42,3015,49.4,261.2,Thermoplastic
353,54489,1.72,2.8,0.424,139.9,5.6,193.3,130.1,159.4,4694,85.7,40.2,Thermosetting
354,17390,1.64,5.1,0.511,148.1,14.4,102.8,137.2,159,4586,94,23.4,Thermosetting
355,38569,3.27,85.5,0.006,243.9,17.1,290.9,40.2,30.5,8202,69.3,138.9,Thermoplastic
356,28285,1.77,2.8,0.378,147.3,3.4,197.2,119.5,140.9,3903,74.6,37.7,Thermosetting
357,74091,2.61,54,0.034,262.9,27.1,256.9,52.2,37.9,4826,57.2,165,Thermoplastic
358,94734,1.84,46,0.043,215.9,19.6,136.5,57,43.7,4198,48,178.9,Thermoplastic
359,50875,2.38,57.1,0.048,237,50.4,117.3,48.2,40,5347,43.5,195.3,Thermoplastic
360,80289,2.45,37,0.031,251.5,26.7,178.4,53.1,45.7,3736,40.9,233.5,Thermoplastic
361,50127,2.48,86.7,0.009,195,17.4,249.1,45.6,38,7550,66.4,78.9,Thermoplastic
362,53865,2.79,45.2,0.005,263,50.7,195.5,43.7,33.6,4226,47.2,201.2,Thermoplastic
363,36195,2.71,88.7,0.041,223,21.9,175,43.2,30.8,7996,60.8,113.9,Thermoplastic
364,46091,2.83,38.9,0.029,221.6,42.1,250.2,46.5,36.5,3881,41.4,221.2,Thermoplastic
365,37203,3.1,64.7,0.031,205.4,51.2,151,37.6,31.9,6277,43.1,161.8,Thermoplastic
366,44894,3.18,66.9,0.039,265.1,33.5,300.2,44.8,32.6,6526,57.1,198.7,Thermoplastic
367,123849,3.02,69.1,0.035,221.8,44.2,106.3,58.6,45.5,6159,47.8,163.7,Thermoplastic
368,24841,2.16,3.8,0.801,166,11,97.4,167.3,183.1,6323,100.5,17.1,Thermosetting
369,104084,1.32,3.2,0.334,152.9,5.1,108,122.4,145.7,3885,75.7,43.2,Thermosetting
370,44237,1.48,1.4,0.749,138.4,3,72.1,159,177.5,5337,85.7,28.6,Thermosetting
371,39102,1.31,7.7,0.811,139.3,13.8,50.9,165.8,193.6,6687,100.5,21,Thermosetting
372,25762,1.88,0.2,0.472,144.7,8.3,68.5,128.9,155.8,4795,83.5,32.2,Thermosetting
373,103793,3.33,29.1,0.032,241.8,18.1,341.5,54.8,44.6,2923,55.2,215.5,Thermoplastic
374,28847,1.52,3.2,0.488,145.7,4.7,161.2,133.2,157.1,4678,82.8,30.5,Thermosetting
375,77731,3.38,89.8,0.048,255.1,37.7,233.6,58,44.2,7865,69.6,105.3,Thermoplastic
376,263035,1.9,80.7,0.002,233,19.8,141.6,62.5,52.5,6877,64,131.2,Thermoplastic
377,34947,2.14,0.4,0.648,145.1,6.8,164,153.5,169.8,5341,104.2,28.6,Thermosetting
378,129915,2.4,81,0.008,244.9,26.9,338,58.4,45.9,7247,79,146.6,Thermoplastic
379,27412,1.39,0.2,0.727,162.4,13.5,57.4,156.6,171,5904,108.3,27.9,Thermosetting
380,35811,1.74,2.9,0.406,180.2,5.3,119.8,125.6,143.4,4242,74.3,38.3,Thermosetting
381,177265,2.24,78.8,0.012,248.6,56,205.9,58.3,44.6,7018,56.6,116.5,Thermoplastic
382,53451,2.28,86.9,0.025,209.2,27.1,340.4,46.8,34.6,7556,77.1,100.4,Thermoplastic
383,180995,2.32,63.4,0.046,215.6,27.6,327.4,60.1,51.1,5422,59.3,169.5,Thermoplastic
384,104180,3.17,61,0.011,157.5,38.4,290.5,55,47.9,5783,55.5,159.5,Thermoplastic
385,55203,2.72,57.3,0.007,216.5,31.7,312.1,45.9,37.3,4978,62.3,210.4,Thermoplastic
386,46768,1.58,1.4,0.755,171.3,6.7,169.1,160.7,176.3,5446,109.4,16.7,Thermosetting
387,53585,1.85,3.1,0.6,153.2,11.6,170.8,143.2,156.8,5369,97.6,30.8,Thermosetting
388,99798,3.02,90.7,0.046,244.3,52.3,198.8,58.4,46,7575,62.1,88.7,Thermoplastic
389,33352,2.26,66.9,0.007,226.9,43.7,212.6,46.1,38.6,6447,49.6,169.4,Thermoplastic
390,50840,2.5,72,0.032,215.8,47.4,189.2,49.1,39.6,5954,46.3,141.9,Thermoplastic
391,64618,2.01,56.1,0.012,201.6,47.5,236.4,45.2,36.4,5752,43.6,227.9,Thermoplastic
392,70459,2.11,90.8,0.008,242.2,20.2,173,52.6,37.8,7542,61.2,97.4,Thermoplastic
393,99741,2.96,56.8,0.034,227.1,20.8,341.8,57.6,48.7,5311,56.3,173,Thermoplastic
394,79926,2.11,63,0.03,271.6,45.8,339.3,50.7,44.9,6168,64.4,159.2,Thermoplastic
395,37509,2.69,59.7,0.038,207.9,54.9,231.3,42.6,36.7,5642,43.6,185.8,Thermoplastic
396,88442,3.01,70.1,0.015,165.3,45.4,163,51.8,40.9,6652,46.3,143,Thermoplastic
397,99240,1.98,61.7,0.022,204.1,20.3,100.2,59.1,48.1,5500,43.9,180.7,Thermoplastic
398,96751,2.76,86.7,0.02,226.3,12,344.3,55.3,46.1,7731,76.6,124.5,Thermoplastic
399,125541,2.24,58.4,0.049,248.8,52,237.7,54,44.7,5179,55.1,133.8,Thermoplastic
400,50694,2.17,3.5,0.475,126.3,4,159.2,136.7,147.8,4389,84.7,40,Thermosetting
401,92004,2.62,83.8,0.015,268,48.5,343.9,56.8,46.7,7717,72.8,217,Thermoplastic
402,70609,3.17,60.9,0.018,246.5,38.7,185.4,50.8,40.8,5853,45.6,196.7,Thermoplastic
403,31873,2.74,49.6,0.028,215.7,54.9,129.8,40.3,33.8,4495,34.6,171.3,Thermoplastic
404,90654,1.87,46,0.013,234.9,26.4,303.9,53.3,47.2,4801,53.6,195.9,Thermoplastic
405,81133,2.88,67.9,0.046,188.9,33.7,313.6,48.7,42.5,5992,62.7,165.5,Thermoplastic
406,83767,3.42,60.4,0.013,267.6,27,317.4,52.1,46,6235,66.7,175.6,Thermoplastic
407,21792,1.84,1.7,0.837,151.9,13,77.3,169.5,191.7,6561,107.4,15.9,Thermosetting
408,42594,3.19,68.1,0.005,226.4,31.5,141.4,42.6,35.6,5813,49.7,184.7,Thermoplastic
409,55341,2.1,1.2,0.694,156.3,10.3,79.5,159.3,174.3,6120,90.9,15.2,Thermosetting
410,71698,2.19,63,0.045,276,20.6,110.4,49.3,42.6,5796,54.8,198.4,Thermoplastic
411,102822,2.16,51.5,0.008,245.8,52.9,266.7,53.9,39.3,5236,48.7,208.9,Thermoplastic
412,74173,2.84,33.1,0.048,183.1,31.8,338.3,53.4,39.9,3422,52.9,198,Thermoplastic
413,74227,2.5,43.9,0.023,238.3,36.4,164.7,51.6,44.3,4349,46.4,184.4,Thermoplastic
414,116908,3.23,57.9,0.047,234.2,12.6,281.5,54.9,46.6,5726,61.7,198.2,Thermoplastic
415,56499,3.33,81.3,0.034,220.8,36.6,241.1,50.2,43.1,7662,59.4,170.4,Thermoplastic
416,37739,1.62,0.5,0.481,135.9,9.8,74.9,132.1,152,4304,81.1,35,Thermosetting
417,58039,2.2,80.9,0.009,266.5,58.5,281.9,45.3,40.1,7204,64.1,124.3,Thermoplastic
418,58850,3.13,79.7,0.015,192.6,56.1,290.6,39.2,27.5,7218,53.7,147.8,Thermoplastic
419,62656,2.27,83.9,0.005,198.1,43.3,255.8,46.9,36.7,7661,59.8,153.2,Thermoplastic
420,81721,3.2,66.2,0.007,239.5,40.1,222.4,56.1,42.1,5828,49.8,188.2,Thermoplastic
421,57562,2.52,67.3,0.005,178.6,36,149.4,41.1,34.5,6377,47.4,176.3,Thermoplastic
422,60012,1.9,0.1,0.554,157.1,12.5,77.9,140.3,166.4,5417,88.9,40,Thermosetting
423,46756,1.96,63.1,0.04,226.8,42.9,209.4,45.6,32.7,5772,49,162.9,Thermoplastic
424,33700,1.86,0.7,0.385,133.5,5.6,133.7,117.4,130,4281,68.8,39.7,Thermosetting
425,58696,2.57,41.4,0.007,243.8,56.1,225.6,46.1,37.1,4041,41.1,172.9,Thermoplastic
426,150767,2.8,75.3,0.032,225.1,26.4,284.3,61.5,54.8,6525,70.7,151.1,Thermoplastic
427,80683,2.09,53.5,0.01,229.3,26.8,330.1,58.2,50.6,5764,58.3,190.8,Thermoplastic
428,122507,3.05,56.1,0.005,216.3,10.6,238.2,57.4,49.8,5541,62,190,Thermoplastic
429,20046,2.08,2.4,0.4,147.9,3.1,195.9,121.2,142.3,4406,82.7,44.6,Thermosetting
430,40409,1.5,1.2,0.854,184.1,8.7,142.1,168.9,187.1,6310,114.6,16.9,Thermosetting
431,114098,1.96,48,0.041,227.5,31.5,118.7,56.4,41.9,4828,47,175.1,Thermoplastic
432,76202,1.84,63.3,0.018,190.1,15.3,309.4,52.1,45.9,5981,51,204.1,Thermoplastic
433,55614,1.88,2,0.693,135.7,8.6,165.3,162.4,191.9,5658,98.8,23,Thermosetting
434,29528,1.85,0.1,0.622,137.8,2.8,136.5,150.4,165,4866,87.4,32.5,Thermosetting
435,147957,2.73,60.4,0.034,259.4,23.1,205.4,58.2,45.4,6051,62.6,172.1,Thermoplastic
436,91086,1.51,0.2,0.71,145.7,2.5,117.4,158.9,175.7,5161,104.4,26.5,Thermosetting
437,60997,2.46,74.2,0.031,272.1,26.6,178.9,57.2,50.8,7129,55.7,162.6,Thermoplastic
438,58527,2.81,50,0.013,276.1,15.3,191.7,49.5,35.9,4356,58.1,170.2,Thermoplastic
439,64949,1.75,3.3,0.323,154.3,14.6,195.5,118.4,134.5,3917,70.4,47.9,Thermosetting
440,68311,2.19,0.3,0.573,143.5,13.2,140.1,144.8,168,4414,92.2,25.6,Thermosetting
441,56307,2.03,71.2,0.045,203.4,41.5,213.9,44.4,33.7,6483,52.8,135.2,Thermoplastic
442,59273,2.98,66,0.028,254.9,34.1,289.4,40.6,30.8,5572,51.3,177.1,Thermoplastic
443,63520,2.49,28,0.042,205.9,56.2,114.1,49.7,39.8,3171,21.3,267.6,Thermoplastic
444,37338,2.53,77.9,0.05,201.1,34.3,328.2,46.4,34.1,7085,56.8,186.8,Thermoplastic
445,46197,3.02,75.6,0.008,253.2,22.5,185.8,39.2,33.4,6527,57.9,152.7,Thermoplastic
446,44264,2.98,61.6,0.035,285.1,52.6,239.8,43.7,32,5954,58.6,209.9,Thermoplastic
447,49816,3.49,50.3,0.034,206.5,10.8,340.9,43.1,29.2,4494,55.5,177.7,Thermoplastic
448,71873,2.02,77.8,0.049,230.9,28.8,250.8,52.1,46.5,5954,59.4,116.7,Thermoplastic
449,39882,1.39,3.8,0.891,154.7,14.1,136.3,174.9,187.7,6622,112.4,17.1,Thermosetting
450,158776,3.03,58.5,0.034,216.5,16.3,245.4,54.2,42.1,4942,56.3,147.7,Thermoplastic
451,44392,2.78,44.3,0.012,217.5,54,262.2,40.6,31.2,4336,41.8,195.5,Thermoplastic
452,119630,2.27,48.6,0.04,265.7,55,255.9,53.9,44.8,4661,53,226.2,Thermoplastic
453,65710,1.94,63.5,0.005,220.1,20.1,327.2,53.3,46.9,5447,66.8,200.6,Thermoplastic
454,35604,1.38,1.3,0.768,134.6,11.9,151.5,166.6,186.8,5835,111.5,22.5,Thermosetting
455,102479,3.32,71.2,0.046,207.1,47.8,218.5,53.9,47.6,6012,54.5,166,Thermoplastic
456,23177,1.47,0.6,0.53,138.5,4.9,142.5,141.1,160.6,4723,92.6,35.2,Thermosetting
457,88540,2.35,40.1,0.032,227.7,33.4,137,52.7,40,3814,41.6,234.7,Thermoplastic
458,38816,1.5,0.4,0.558,145.1,14.8,81.4,141,156.2,4747,96,27.4,Thermosetting
459,44222,1.62,1,0.563,144.2,12,113.8,143.1,162.7,5020,79.1,33.9,Thermosetting
460,40769,1.36,1.6,0.486,142.8,9.4,53.2,135.9,165.7,4849,80.1,40.2,Thermosetting
461,249609,2.68,55.5,0.038,228.5,50.8,321.3,58.1,46.2,5301,53.9,197,Thermoplastic
462,53164,1.91,33.1,0.047,217.4,14.3,234.6,46.3,32.8,3069,44.1,223,Thermoplastic
463,56078,3.16,66.4,0.047,224.8,51.5,133.4,49.3,40.2,6102,45.6,178.4,Thermoplastic
464,53553,2.2,48.8,0.009,249,56.8,287.9,46.7,34,4467,49.6,197.7,Thermoplastic
465,55396,2.72,41.1,0.044,234.2,28.2,334.5,46.9,41.5,4071,57.1,240.5,Thermoplastic
466,28143,2.09,1.2,0.742,158.3,5.6,99.8,160.8,173.2,5375,105.2,17.9,Thermosetting
467,132523,2.91,79.1,0.013,255.4,56.5,151.2,59.2,52.1,7429,53.3,123.1,Thermoplastic
468,64100,1.78,5.2,0.34,165.4,12.4,160.8,121.8,139.9,3658,67.5,35.7,Thermosetting
469,54975,2.35,61.6,0.013,226,24.1,176.1,45.3,31.8,6324,54.7,149.5,Thermoplastic
470,26031,1.6,1.5,0.847,137.5,14.8,146.4,170.1,187,6780,113.4,7.9,Thermosetting
471,92569,2.94,86.4,0.032,260.3,31.7,317.4,48.9,37.4,7921,77.7,59.4,Thermoplastic
472,29118,2.19,0.6,0.733,140.1,4.3,192.2,157.8,182,5550,107.1,31.2,Thermosetting
473,100355,2.93,45.6,0.013,213.1,47.8,198.4,47.2,36.3,4327,39.2,183.7,Thermoplastic
474,80940,2.75,46.7,0.036,202.6,40.4,211.1,47,38.5,4926,39.6,246.8,Thermoplastic
475,34274,3.04,58.7,0.001,209,12.9,175,34.4,23.6,5483,48.8,182.3,Thermoplastic
476,67441,1.72,2.9,0.525,165,8.2,75.2,143.8,160.7,5200,81.4,32.6,Thermosetting
477,179501,1.9,57.4,0.031,201,12.9,245.8,58.9,53.1,5460,58.4,207.6,Thermoplastic
478,53831,2.76,65.1,0.007,188,54.2,137.9,42.6,27.7,6135,44.1,173.3,Thermoplastic
479,60243,3.43,69.4,0.041,272.1,31,275.3,49.5,43.2,6540,69.8,129.6,Thermoplastic
480,84367,2.1,37.4,0.012,255,30.5,226.2,55.6,49.8,3638,45,225.7,Thermoplastic
481,86442,2.97,72.7,0.033,223,28.4,344.8,54.4,40.6,6326,61.1,133.6,Thermoplastic
482,101648,2.14,34.4,0.02,232.5,31,225.5,54.2,46.2,3289,50.2,241,Thermoplastic
483,199806,2.71,81.4,0.03,236.4,39.1,299.5,60,48.5,7780,67.2,122.5,Thermoplastic
484,66938,1.96,78.4,0.005,242.1,53.2,214.2,52.2,43.9,6591,57.3,147.7,Thermoplastic
485,49063,2.57,73.9,0.001,171.1,58.3,274.3,43.6,34.7,6311,55.6,130.9,Thermoplastic
486,20916,1.98,4.2,0.846,139.7,3.1,179.4,168.7,184,6855,109.2,17.5,Thermosetting
487,27109,1.61,0,0.462,134.7,9.1,112.6,130.3,147.2,4181,69.6,47.6,Thermosetting
488,71929,2.93,77,0.041,229.1,53.9,151,45.7,36.6,6903,49.7,144.2,Thermoplastic
489,179383,3.15,48.2,0.05,235.6,12.7,343,61.6,49.4,4731,56.4,229.9,Thermoplastic
490,56455,3.38,78.2,0.011,261.6,35.6,172.7,53.2,43.1,6035,57.8,162.7,Thermoplastic
491,81789,2.2,80.1,0.013,258.7,25.2,148.2,49.6,35.2,6974,61.7,169.5,Thermoplastic
492,36078,1.66,0.5,0.698,148,3.7,94.7,158.6,169.4,5932,96.2,23.1,Thermosetting
493,58417,1.44,1.5,0.879,146.9,5,74.9,173.1,193.1,6511,111.1,20.1,Thermosetting
494,258711,3.49,58.7,0.046,267.7,26.6,335,60.2,49.3,4890,65.4,206.1,Thermoplastic
495,56082,3.38,75.3,0.025,196.8,54.6,215.1,51.5,37.3,6622,50.6,86.4,Thermoplastic
496,57256,2.72,66.1,0.04,228.5,45.5,345.9,45.7,40.2,6127,59.6,150.3,Thermoplastic
497,55142,2.06,2,0.381,130.6,4.4,55.9,125.6,147.1,4198,78.8,40.8,Thermosetting
498,102842,2.69,71.9,0.049,254.6,11.1,293.6,49.5,35.9,6466,73.2,172.7,Thermoplastic
499,184122,2.86,61.7,0.048,227.6,40.3,207.1,57,49.6,5634,55.5,148.3,Thermoplastic
